EPC,Ant,Time,Frequency,RSSI,Phase,,,
E2801160600002073A4A0519,1,1970/1/5 17:56,904250,-38,11,,,
E2801160600002073A4A0519,1,1970/1/5 17:56,904250,-38,11,,,
E2801160600002073A4A0519,1,1970/1/5 17:56,904250,-38,11,,,
E2801160600002073A4A0519,1,1970/1/5 17:56,904250,-38,11,,,
E2801160600002073A4A0519,1,1970/1/5 17:56,904250,-38,11,,,
E2801160600002073A4A0519,1,1970/1/5 17:56,904250,-38,11,,,
E2801160600002073A4A0519,1,1970/1/5 17:56,904250,-38,11,,,
E2801160600002073A4A0519,2,1970/1/5 17:56,917250,-56,109,,,
E2801160600002073A4A0519,2,1970/1/5 17:56,917250,-56,109,,,
E2801160600002073A4A0519,2,1970/1/5 17:56,917250,-56,109,,,
E2801160600002073A4A0519,2,1970/1/5 17:56,917250,-56,109,,,
E2801160600002073A4A0519,2,1970/1/5 17:56,917250,-56,109,,,
E2801160600002073A4A0519,2,1970/1/5 17:56,917250,-56,109,,,
E2801160600002073A4A0519,2,1970/1/5 17:56,917250,-56,109,,,
E2801160600002073A4A0529,2,1970/1/5 17:56,917250,-62,92,,,
E2801160600002073A4A0529,2,1970/1/5 17:56,917250,-62,92,,,
E2801160600002073A4A0529,2,1970/1/5 17:56,917250,-62,92,,,
E2801160600002073A4A0529,2,1970/1/5 17:56,917250,-62,92,,,
E2801160600002073A4A0529,2,1970/1/5 17:56,917250,-62,92,,,
E2801160600002073A4A0529,2,1970/1/5 17:56,917250,-62,92,,,
E2801160600002073A4A0529,2,1970/1/5 17:56,917250,-62,92,,,
E2801160600002073A4A0539,3,1970/1/5 17:56,917250,-79,30,,,
E2801160600002073A4A0539,3,1970/1/5 17:56,917250,-79,30,,,
E2801160600002073A4A0539,3,1970/1/5 17:56,917250,-79,30,,,
E2801160600002073A4A0539,3,1970/1/5 17:56,917250,-79,30,,,
E2801160600002073A4A0539,3,1970/1/5 17:56,917250,-79,30,,,
E2801160600002073A4A0539,3,1970/1/5 17:56,917250,-79,30,,,
E2801160600002073A4A0539,3,1970/1/5 17:56,917250,-79,30,,,
E2801160600002073A4A0519,3,1970/1/5 17:56,917250,-58,61,,,
E2801160600002073A4A0519,3,1970/1/5 17:56,917250,-58,61,,,
E2801160600002073A4A0519,3,1970/1/5 17:56,917250,-58,61,,,
E2801160600002073A4A0519,3,1970/1/5 17:56,917250,-58,61,,,
E2801160600002073A4A0519,3,1970/1/5 17:56,917250,-58,61,,,
E2801160600002073A4A0519,3,1970/1/5 17:56,917250,-58,61,,,
E2801160600002073A4A0519,3,1970/1/5 17:56,917250,-58,61,,,
E2801160600002073A4A0529,3,1970/1/5 17:56,917250,-67,30,,,
E2801160600002073A4A0529,3,1970/1/5 17:56,917250,-67,30,,,
E2801160600002073A4A0529,3,1970/1/5 17:56,917250,-67,30,,,
E2801160600002073A4A0529,3,1970/1/5 17:56,917250,-67,30,,,
E2801160600002073A4A0529,3,1970/1/5 17:56,917250,-67,30,,,
E2801160600002073A4A0529,3,1970/1/5 17:56,917250,-67,30,,,
E2801160600002073A4A0529,3,1970/1/5 17:56,917250,-67,30,,,
E2801160600002073A4A0519,1,1970/1/5 17:56,917250,-40,98,,,
E2801160600002073A4A0519,1,1970/1/5 17:56,917250,-40,98,,,
E2801160600002073A4A0519,1,1970/1/5 17:56,917250,-40,98,,,
E2801160600002073A4A0519,1,1970/1/5 17:56,917250,-40,98,,,
E2801160600002073A4A0519,1,1970/1/5 17:56,917250,-40,98,,,
E2801160600002073A4A0519,1,1970/1/5 17:56,917250,-40,98,,,
E2801160600002073A4A0519,1,1970/1/5 17:56,917250,-40,98,,,
E2801160600002073A4A0529,1,1970/1/5 17:56,917250,-36,109,,,
E2801160600002073A4A0529,1,1970/1/5 17:56,917250,-36,109,,,
E2801160600002073A4A0529,1,1970/1/5 17:56,917250,-36,109,,,
E2801160600002073A4A0529,1,1970/1/5 17:56,917250,-36,109,,,
E2801160600002073A4A0529,1,1970/1/5 17:56,917250,-36,109,,,
E2801160600002073A4A0529,1,1970/1/5 17:56,917250,-36,109,,,
E2801160600002073A4A0529,1,1970/1/5 17:56,917250,-36,109,,,
E2801160600002073A4A0539,1,1970/1/5 17:56,917250,-73,151,,,
E2801160600002073A4A0539,1,1970/1/5 17:56,917250,-73,151,,,
E2801160600002073A4A0539,1,1970/1/5 17:56,917250,-73,151,,,
E2801160600002073A4A0539,1,1970/1/5 17:56,917250,-73,151,,,
E2801160600002073A4A0539,1,1970/1/5 17:56,917250,-73,151,,,
E2801160600002073A4A0539,1,1970/1/5 17:56,917250,-73,151,,,
E2801160600002073A4A0539,1,1970/1/5 17:56,917250,-73,151,,,
E2801160600002073A4A0519,2,1970/1/5 17:56,917250,-56,112,,,
E2801160600002073A4A0519,2,1970/1/5 17:56,917250,-56,112,,,
E2801160600002073A4A0519,2,1970/1/5 17:56,917250,-56,112,,,
E2801160600002073A4A0519,2,1970/1/5 17:56,917250,-56,112,,,
E2801160600002073A4A0519,2,1970/1/5 17:56,917250,-56,112,,,
E2801160600002073A4A0519,2,1970/1/5 17:56,917250,-56,112,,,
E2801160600002073A4A0519,2,1970/1/5 17:56,917250,-56,112,,,
E2801160600002073A4A0529,2,1970/1/5 17:56,917250,-62,95,,,
E2801160600002073A4A0529,2,1970/1/5 17:56,917250,-62,95,,,
E2801160600002073A4A0529,2,1970/1/5 17:56,917250,-62,95,,,
E2801160600002073A4A0529,2,1970/1/5 17:56,917250,-62,95,,,
E2801160600002073A4A0529,2,1970/1/5 17:56,917250,-62,95,,,
E2801160600002073A4A0529,2,1970/1/5 17:56,917250,-62,95,,,
E2801160600002073A4A0529,2,1970/1/5 17:56,917250,-62,95,,,
E2801160600002073A4A0529,3,1970/1/5 17:56,917250,-68,39,,,
E2801160600002073A4A0529,3,1970/1/5 17:56,917250,-68,39,,,
E2801160600002073A4A0529,3,1970/1/5 17:56,917250,-68,39,,,
E2801160600002073A4A0529,3,1970/1/5 17:56,917250,-68,39,,,
E2801160600002073A4A0529,3,1970/1/5 17:56,917250,-68,39,,,
E2801160600002073A4A0529,3,1970/1/5 17:56,917250,-68,39,,,
E2801160600002073A4A0529,3,1970/1/5 17:56,917250,-68,39,,,
E2801160600002073A4A0519,3,1970/1/5 17:56,917250,-58,59,,,
E2801160600002073A4A0519,3,1970/1/5 17:56,917250,-58,59,,,
E2801160600002073A4A0519,3,1970/1/5 17:56,917250,-58,59,,,
E2801160600002073A4A0519,3,1970/1/5 17:56,917250,-58,59,,,
E2801160600002073A4A0519,3,1970/1/5 17:56,917250,-58,59,,,
E2801160600002073A4A0519,3,1970/1/5 17:56,917250,-58,59,,,
E2801160600002073A4A0519,3,1970/1/5 17:56,917250,-58,59,,,
E2801160600002073A4A0539,3,1970/1/5 17:56,917250,-79,22,,,
E2801160600002073A4A0539,3,1970/1/5 17:56,917250,-79,22,,,
E2801160600002073A4A0539,3,1970/1/5 17:56,917250,-79,22,,,
E2801160600002073A4A0539,3,1970/1/5 17:56,917250,-79,22,,,
E2801160600002073A4A0539,3,1970/1/5 17:56,917250,-79,22,,,
E2801160600002073A4A0539,3,1970/1/5 17:56,917250,-79,22,,,
E2801160600002073A4A0539,3,1970/1/5 17:56,917250,-79,22,,,
E2801160600002073A4A0519,1,1970/1/5 17:56,917250,-40,98,,,
E2801160600002073A4A0519,1,1970/1/5 17:56,917250,-40,98,,,
E2801160600002073A4A0519,1,1970/1/5 17:56,917250,-40,98,,,
E2801160600002073A4A0519,1,1970/1/5 17:56,917250,-40,98,,,
E2801160600002073A4A0519,1,1970/1/5 17:56,917250,-40,98,,,
E2801160600002073A4A0519,1,1970/1/5 17:56,917250,-40,98,,,
E2801160600002073A4A0519,1,1970/1/5 17:56,917250,-40,98,,,
E2801160600002073A4A0529,1,1970/1/5 17:56,909750,-36,75,,,
E2801160600002073A4A0529,1,1970/1/5 17:56,909750,-36,75,,,
E2801160600002073A4A0529,1,1970/1/5 17:56,909750,-36,75,,,
E2801160600002073A4A0529,1,1970/1/5 17:56,909750,-36,75,,,
E2801160600002073A4A0529,1,1970/1/5 17:56,909750,-36,75,,,
E2801160600002073A4A0529,1,1970/1/5 17:56,909750,-36,75,,,
E2801160600002073A4A0529,1,1970/1/5 17:56,909750,-36,75,,,
E2801160600002073A4A0539,1,1970/1/5 17:56,917250,-73,151,,,
E2801160600002073A4A0539,1,1970/1/5 17:56,917250,-73,151,,,
E2801160600002073A4A0539,1,1970/1/5 17:56,917250,-73,151,,,
E2801160600002073A4A0539,1,1970/1/5 17:56,917250,-73,151,,,
E2801160600002073A4A0539,1,1970/1/5 17:56,917250,-73,151,,,
E2801160600002073A4A0539,1,1970/1/5 17:56,917250,-73,151,,,
E2801160600002073A4A0539,1,1970/1/5 17:56,917250,-73,151,,,
E2801160600002073A4A0519,1,1970/1/5 17:56,909750,-38,75,,,
E2801160600002073A4A0519,1,1970/1/5 17:56,909750,-38,75,,,
E2801160600002073A4A0519,1,1970/1/5 17:56,909750,-38,75,,,
E2801160600002073A4A0519,1,1970/1/5 17:56,909750,-38,75,,,
E2801160600002073A4A0519,1,1970/1/5 17:56,909750,-38,75,,,
E2801160600002073A4A0519,1,1970/1/5 17:56,909750,-38,75,,,
E2801160600002073A4A0519,1,1970/1/5 17:56,909750,-38,75,,,
E2801160600002073A4A0549,1,1970/1/5 17:56,909750,-74,112,,,
E2801160600002073A4A0549,1,1970/1/5 17:56,909750,-74,112,,,
E2801160600002073A4A0549,1,1970/1/5 17:56,909750,-74,112,,,
E2801160600002073A4A0549,1,1970/1/5 17:56,909750,-74,112,,,
E2801160600002073A4A0549,1,1970/1/5 17:56,909750,-74,112,,,
E2801160600002073A4A0549,1,1970/1/5 17:56,909750,-74,112,,,
E2801160600002073A4A0549,1,1970/1/5 17:56,909750,-74,112,,,
E2801160600002073A4A0519,2,1970/1/5 17:56,909750,-57,126,,,
E2801160600002073A4A0519,2,1970/1/5 17:56,909750,-57,126,,,
E2801160600002073A4A0519,2,1970/1/5 17:56,909750,-57,126,,,
E2801160600002073A4A0519,2,1970/1/5 17:56,909750,-57,126,,,
E2801160600002073A4A0519,2,1970/1/5 17:56,909750,-57,126,,,
E2801160600002073A4A0519,2,1970/1/5 17:56,909750,-57,126,,,
E2801160600002073A4A0519,2,1970/1/5 17:56,909750,-57,126,,,
E2801160600002073A4A0529,2,1970/1/5 17:56,909750,-62,92,,,
E2801160600002073A4A0529,2,1970/1/5 17:56,909750,-62,92,,,
E2801160600002073A4A0529,2,1970/1/5 17:56,909750,-62,92,,,
E2801160600002073A4A0529,2,1970/1/5 17:56,909750,-62,92,,,
E2801160600002073A4A0529,2,1970/1/5 17:56,909750,-62,92,,,
E2801160600002073A4A0529,2,1970/1/5 17:56,909750,-62,92,,,
E2801160600002073A4A0529,2,1970/1/5 17:56,909750,-62,92,,,
E2801160600002073A4A0519,3,1970/1/5 17:56,909750,-57,67,,,
E2801160600002073A4A0519,3,1970/1/5 17:56,909750,-57,67,,,
E2801160600002073A4A0519,3,1970/1/5 17:56,909750,-57,67,,,
E2801160600002073A4A0519,3,1970/1/5 17:56,909750,-57,67,,,
E2801160600002073A4A0519,3,1970/1/5 17:56,909750,-57,67,,,
E2801160600002073A4A0519,3,1970/1/5 17:56,909750,-57,67,,,
E2801160600002073A4A0519,3,1970/1/5 17:56,909750,-57,67,,,
E2801160600002073A4A0529,3,1970/1/5 17:56,909750,-66,39,,,
E2801160600002073A4A0529,3,1970/1/5 17:56,909750,-66,39,,,
E2801160600002073A4A0529,3,1970/1/5 17:56,909750,-66,39,,,
E2801160600002073A4A0529,3,1970/1/5 17:56,909750,-66,39,,,
E2801160600002073A4A0529,3,1970/1/5 17:56,909750,-66,39,,,
E2801160600002073A4A0529,3,1970/1/5 17:56,909750,-66,39,,,
E2801160600002073A4A0529,3,1970/1/5 17:56,909750,-66,39,,,
E2801160600002073A4A0519,1,1970/1/5 17:56,909750,-38,67,,,
E2801160600002073A4A0519,1,1970/1/5 17:56,909750,-38,67,,,
E2801160600002073A4A0519,1,1970/1/5 17:56,909750,-38,67,,,
E2801160600002073A4A0519,1,1970/1/5 17:56,909750,-38,67,,,
E2801160600002073A4A0519,1,1970/1/5 17:56,909750,-38,67,,,
E2801160600002073A4A0519,1,1970/1/5 17:56,909750,-38,67,,,
E2801160600002073A4A0519,1,1970/1/5 17:56,909750,-38,67,,,
E2801160600002073A4A0529,1,1970/1/5 17:56,909750,-36,75,,,
E2801160600002073A4A0529,1,1970/1/5 17:56,909750,-36,75,,,
E2801160600002073A4A0529,1,1970/1/5 17:56,909750,-36,75,,,
E2801160600002073A4A0529,1,1970/1/5 17:56,909750,-36,75,,,
E2801160600002073A4A0529,1,1970/1/5 17:56,909750,-36,75,,,
E2801160600002073A4A0529,1,1970/1/5 17:56,909750,-36,75,,,
E2801160600002073A4A0529,1,1970/1/5 17:56,909750,-36,75,,,
E200497E93D28EF134FFAA3B,1,1970/1/5 17:56,909750,-74,177,,,
E200497E93D28EF134FFAA3B,1,1970/1/5 17:56,909750,-74,177,,,
E200497E93D28EF134FFAA3B,1,1970/1/5 17:56,909750,-74,177,,,
E200497E93D28EF134FFAA3B,1,1970/1/5 17:56,909750,-74,177,,,
E200497E93D28EF134FFAA3B,1,1970/1/5 17:56,909750,-74,177,,,
E200497E93D28EF134FFAA3B,1,1970/1/5 17:56,909750,-74,177,,,
E200497E93D28EF134FFAA3B,1,1970/1/5 17:56,909750,-74,177,,,
E2801160600002073A4A0539,1,1970/1/5 17:56,909750,-72,126,,,
E2801160600002073A4A0539,1,1970/1/5 17:56,909750,-72,126,,,
E2801160600002073A4A0539,1,1970/1/5 17:56,909750,-72,126,,,
E2801160600002073A4A0539,1,1970/1/5 17:56,909750,-72,126,,,
E2801160600002073A4A0539,1,1970/1/5 17:56,909750,-72,126,,,
E2801160600002073A4A0539,1,1970/1/5 17:56,909750,-72,126,,,
E2801160600002073A4A0539,1,1970/1/5 17:56,909750,-72,126,,,
E2000017221200910820C6AD,1,1970/1/5 17:56,909750,-73,45,,,
E2000017221200910820C6AD,1,1970/1/5 17:56,909750,-73,45,,,
E2000017221200910820C6AD,1,1970/1/5 17:56,909750,-73,45,,,
E2000017221200910820C6AD,1,1970/1/5 17:56,909750,-73,45,,,
E2000017221200910820C6AD,1,1970/1/5 17:56,909750,-73,45,,,
E2000017221200910820C6AD,1,1970/1/5 17:56,909750,-73,45,,,
E2000017221200910820C6AD,1,1970/1/5 17:56,909750,-73,45,,,
E2801160600002073A4A0519,2,1970/1/5 17:56,909750,-57,118,,,
E2801160600002073A4A0519,2,1970/1/5 17:56,909750,-57,118,,,
E2801160600002073A4A0519,2,1970/1/5 17:56,909750,-57,118,,,
E2801160600002073A4A0519,2,1970/1/5 17:56,909750,-57,118,,,
E2801160600002073A4A0519,2,1970/1/5 17:56,909750,-57,118,,,
E2801160600002073A4A0519,2,1970/1/5 17:56,909750,-57,118,,,
E2801160600002073A4A0519,2,1970/1/5 17:56,909750,-57,118,,,
E2801160600002073A4A0519,1,1970/1/5 17:56,903750,-38,19,,,
E2801160600002073A4A0519,1,1970/1/5 17:56,903750,-38,19,,,
E2801160600002073A4A0519,1,1970/1/5 17:56,903750,-38,19,,,
E2801160600002073A4A0519,1,1970/1/5 17:56,903750,-38,19,,,
E2801160600002073A4A0519,1,1970/1/5 17:56,903750,-38,19,,,
E2801160600002073A4A0519,1,1970/1/5 17:56,903750,-38,19,,,
E2801160600002073A4A0519,1,1970/1/5 17:56,903750,-38,19,,,
E200497E93D28EF134FFAA3B,1,1970/1/5 17:56,903750,-74,45,,,
E200497E93D28EF134FFAA3B,1,1970/1/5 17:56,903750,-74,45,,,
E200497E93D28EF134FFAA3B,1,1970/1/5 17:56,903750,-74,45,,,
E200497E93D28EF134FFAA3B,1,1970/1/5 17:56,903750,-74,45,,,
E200497E93D28EF134FFAA3B,1,1970/1/5 17:56,903750,-74,45,,,
E200497E93D28EF134FFAA3B,1,1970/1/5 17:56,903750,-74,45,,,
E200497E93D28EF134FFAA3B,1,1970/1/5 17:56,903750,-74,45,,,
E2801160600002073A4A0529,1,1970/1/5 17:56,903750,-35,25,,,
E2801160600002073A4A0529,1,1970/1/5 17:56,903750,-35,25,,,
E2801160600002073A4A0529,1,1970/1/5 17:56,903750,-35,25,,,
E2801160600002073A4A0529,1,1970/1/5 17:56,903750,-35,25,,,
E2801160600002073A4A0529,1,1970/1/5 17:56,903750,-35,25,,,
E2801160600002073A4A0529,1,1970/1/5 17:56,903750,-35,25,,,
E2801160600002073A4A0529,1,1970/1/5 17:56,903750,-35,25,,,
E200497E93D292B134FFAA4A,1,1970/1/5 17:56,903750,-74,25,,,
E200497E93D292B134FFAA4A,1,1970/1/5 17:56,903750,-74,25,,,
E200497E93D292B134FFAA4A,1,1970/1/5 17:56,903750,-74,25,,,
E200497E93D292B134FFAA4A,1,1970/1/5 17:56,903750,-74,25,,,
E200497E93D292B134FFAA4A,1,1970/1/5 17:56,903750,-74,25,,,
E200497E93D292B134FFAA4A,1,1970/1/5 17:56,903750,-74,25,,,
E200497E93D292B134FFAA4A,1,1970/1/5 17:56,903750,-74,25,,,
E2801160600002073A4A0519,2,1970/1/5 17:56,903750,-58,75,,,
E2801160600002073A4A0519,2,1970/1/5 17:56,903750,-58,75,,,
E2801160600002073A4A0519,2,1970/1/5 17:56,903750,-58,75,,,
E2801160600002073A4A0519,2,1970/1/5 17:56,903750,-58,75,,,
E2801160600002073A4A0519,2,1970/1/5 17:56,903750,-58,75,,,
E2801160600002073A4A0519,2,1970/1/5 17:56,903750,-58,75,,,
E2801160600002073A4A0519,2,1970/1/5 17:56,903750,-58,75,,,
E2801160600002073A4A0529,2,1970/1/5 17:56,903750,-64,73,,,
E2801160600002073A4A0529,2,1970/1/5 17:56,903750,-64,73,,,
E2801160600002073A4A0529,2,1970/1/5 17:56,903750,-64,73,,,
E2801160600002073A4A0529,2,1970/1/5 17:56,903750,-64,73,,,
E2801160600002073A4A0529,2,1970/1/5 17:56,903750,-64,73,,,
E2801160600002073A4A0529,2,1970/1/5 17:56,903750,-64,73,,,
E2801160600002073A4A0529,2,1970/1/5 17:56,903750,-64,73,,,
E2801160600002073A4A0529,3,1970/1/5 17:56,903750,-66,8,,,
E2801160600002073A4A0529,3,1970/1/5 17:56,903750,-66,8,,,
E2801160600002073A4A0529,3,1970/1/5 17:56,903750,-66,8,,,
E2801160600002073A4A0529,3,1970/1/5 17:56,903750,-66,8,,,
E2801160600002073A4A0529,3,1970/1/5 17:56,903750,-66,8,,,
E2801160600002073A4A0529,3,1970/1/5 17:56,903750,-66,8,,,
E2801160600002073A4A0529,3,1970/1/5 17:56,903750,-66,8,,,
E2801160600002073A4A0519,3,1970/1/5 17:56,903750,-57,30,,,
E2801160600002073A4A0519,3,1970/1/5 17:56,903750,-57,30,,,
E2801160600002073A4A0519,3,1970/1/5 17:56,903750,-57,30,,,
E2801160600002073A4A0519,3,1970/1/5 17:56,903750,-57,30,,,
E2801160600002073A4A0519,3,1970/1/5 17:56,903750,-57,30,,,
E2801160600002073A4A0519,3,1970/1/5 17:56,903750,-57,30,,,
E2801160600002073A4A0519,3,1970/1/5 17:56,903750,-57,30,,,
E2801160600002073A4A0529,1,1970/1/5 17:56,903750,-35,22,,,
E2801160600002073A4A0529,1,1970/1/5 17:56,903750,-35,22,,,
E2801160600002073A4A0529,1,1970/1/5 17:56,903750,-35,22,,,
E2801160600002073A4A0529,1,1970/1/5 17:56,903750,-35,22,,,
E2801160600002073A4A0529,1,1970/1/5 17:56,903750,-35,22,,,
E2801160600002073A4A0529,1,1970/1/5 17:56,903750,-35,22,,,
E2801160600002073A4A0529,1,1970/1/5 17:56,903750,-35,22,,,
E2801160600002073A4A0519,1,1970/1/5 17:56,903750,-38,16,,,
E2801160600002073A4A0519,1,1970/1/5 17:56,903750,-38,16,,,
E2801160600002073A4A0519,1,1970/1/5 17:56,903750,-38,16,,,
E2801160600002073A4A0519,1,1970/1/5 17:56,903750,-38,16,,,
E2801160600002073A4A0519,1,1970/1/5 17:56,903750,-38,16,,,
E2801160600002073A4A0519,1,1970/1/5 17:56,903750,-38,16,,,
E2801160600002073A4A0519,1,1970/1/5 17:56,903750,-38,16,,,
E200497E93D292B134FFAA4A,1,1970/1/5 17:56,903750,-74,36,,,
E200497E93D292B134FFAA4A,1,1970/1/5 17:56,903750,-74,36,,,
E200497E93D292B134FFAA4A,1,1970/1/5 17:56,903750,-74,36,,,
E200497E93D292B134FFAA4A,1,1970/1/5 17:56,903750,-74,36,,,
E200497E93D292B134FFAA4A,1,1970/1/5 17:56,903750,-74,36,,,
E200497E93D292B134FFAA4A,1,1970/1/5 17:56,903750,-74,36,,,
E200497E93D292B134FFAA4A,1,1970/1/5 17:56,903750,-74,36,,,
E2801160600002073A4A0529,2,1970/1/5 17:56,903750,-64,78,,,
E2801160600002073A4A0529,2,1970/1/5 17:56,903750,-64,78,,,
E2801160600002073A4A0529,2,1970/1/5 17:56,903750,-64,78,,,
E2801160600002073A4A0529,2,1970/1/5 17:56,903750,-64,78,,,
E2801160600002073A4A0529,2,1970/1/5 17:56,903750,-64,78,,,
E2801160600002073A4A0529,2,1970/1/5 17:56,903750,-64,78,,,
E2801160600002073A4A0529,2,1970/1/5 17:56,903750,-64,78,,,
E2801160600002073A4A0519,2,1970/1/5 17:56,903750,-58,73,,,
E2801160600002073A4A0519,2,1970/1/5 17:56,903750,-58,73,,,
E2801160600002073A4A0519,2,1970/1/5 17:56,903750,-58,73,,,
E2801160600002073A4A0519,2,1970/1/5 17:56,903750,-58,73,,,
E2801160600002073A4A0519,2,1970/1/5 17:56,903750,-58,73,,,
E2801160600002073A4A0519,2,1970/1/5 17:56,903750,-58,73,,,
E2801160600002073A4A0519,2,1970/1/5 17:56,903750,-58,73,,,
E2801160600002073A4A0529,3,1970/1/5 17:56,903750,-66,14,,,
E2801160600002073A4A0529,3,1970/1/5 17:56,903750,-66,14,,,
E2801160600002073A4A0529,3,1970/1/5 17:56,903750,-66,14,,,
E2801160600002073A4A0529,3,1970/1/5 17:56,903750,-66,14,,,
E2801160600002073A4A0529,3,1970/1/5 17:56,903750,-66,14,,,
E2801160600002073A4A0529,3,1970/1/5 17:56,903750,-66,14,,,
E2801160600002073A4A0529,3,1970/1/5 17:56,903750,-66,14,,,
E2801160600002073A4A0519,3,1970/1/5 17:56,903750,-57,42,,,
E2801160600002073A4A0519,3,1970/1/5 17:56,903750,-57,42,,,
E2801160600002073A4A0519,3,1970/1/5 17:56,903750,-57,42,,,
E2801160600002073A4A0519,3,1970/1/5 17:56,903750,-57,42,,,
E2801160600002073A4A0519,3,1970/1/5 17:56,903750,-57,42,,,
E2801160600002073A4A0519,3,1970/1/5 17:56,903750,-57,42,,,
E2801160600002073A4A0519,3,1970/1/5 17:56,903750,-57,42,,,
E2801160600002073A4A0519,1,1970/1/5 17:56,911750,-38,28,,,
E2801160600002073A4A0519,1,1970/1/5 17:56,911750,-38,28,,,
E2801160600002073A4A0519,1,1970/1/5 17:56,911750,-38,28,,,
E2801160600002073A4A0519,1,1970/1/5 17:56,911750,-38,28,,,
E2801160600002073A4A0519,1,1970/1/5 17:56,911750,-38,28,,,
E2801160600002073A4A0519,1,1970/1/5 17:56,911750,-38,28,,,
E2801160600002073A4A0519,1,1970/1/5 17:56,911750,-38,28,,,
E2801160600002073A4A0529,1,1970/1/5 17:56,911750,-36,39,,,
E2801160600002073A4A0529,1,1970/1/5 17:56,911750,-36,39,,,
E2801160600002073A4A0529,1,1970/1/5 17:56,911750,-36,39,,,
E2801160600002073A4A0529,1,1970/1/5 17:56,911750,-36,39,,,
E2801160600002073A4A0529,1,1970/1/5 17:56,911750,-36,39,,,
E2801160600002073A4A0529,1,1970/1/5 17:56,911750,-36,39,,,
E2801160600002073A4A0529,1,1970/1/5 17:56,911750,-36,39,,,
E2801160600002073A4A0519,2,1970/1/5 17:56,911750,-57,64,,,
E2801160600002073A4A0519,2,1970/1/5 17:56,911750,-57,64,,,
E2801160600002073A4A0519,2,1970/1/5 17:56,911750,-57,64,,,
E2801160600002073A4A0519,2,1970/1/5 17:56,911750,-57,64,,,
E2801160600002073A4A0519,2,1970/1/5 17:56,911750,-57,64,,,
E2801160600002073A4A0519,2,1970/1/5 17:56,911750,-57,64,,,
E2801160600002073A4A0519,2,1970/1/5 17:56,911750,-57,64,,,
E2801160600002073A4A0529,2,1970/1/5 17:56,911750,-64,56,,,
E2801160600002073A4A0529,2,1970/1/5 17:56,911750,-64,56,,,
E2801160600002073A4A0529,2,1970/1/5 17:56,911750,-64,56,,,
E2801160600002073A4A0529,2,1970/1/5 17:56,911750,-64,56,,,
E2801160600002073A4A0529,2,1970/1/5 17:56,911750,-64,56,,,
E2801160600002073A4A0529,2,1970/1/5 17:56,911750,-64,56,,,
E2801160600002073A4A0529,2,1970/1/5 17:56,911750,-64,56,,,
E2801160600002073A4A0519,3,1970/1/5 17:56,911750,-57,19,,,
E2801160600002073A4A0519,3,1970/1/5 17:56,911750,-57,19,,,
E2801160600002073A4A0519,3,1970/1/5 17:56,911750,-57,19,,,
E2801160600002073A4A0519,3,1970/1/5 17:56,911750,-57,19,,,
E2801160600002073A4A0519,3,1970/1/5 17:56,911750,-57,19,,,
E2801160600002073A4A0519,3,1970/1/5 17:56,911750,-57,19,,,
E2801160600002073A4A0519,3,1970/1/5 17:56,911750,-57,19,,,
E2801160600002073A4A0529,3,1970/1/5 17:56,911750,-67,168,,,
E2801160600002073A4A0529,3,1970/1/5 17:56,911750,-67,168,,,
E2801160600002073A4A0529,3,1970/1/5 17:56,911750,-67,168,,,
E2801160600002073A4A0529,3,1970/1/5 17:56,911750,-67,168,,,
E2801160600002073A4A0529,3,1970/1/5 17:56,911750,-67,168,,,
E2801160600002073A4A0529,3,1970/1/5 17:56,911750,-67,168,,,
E2801160600002073A4A0529,3,1970/1/5 17:56,911750,-67,168,,,
E2801160600002073A4A0519,1,1970/1/5 17:56,911750,-38,36,,,
E2801160600002073A4A0519,1,1970/1/5 17:56,911750,-38,36,,,
E2801160600002073A4A0519,1,1970/1/5 17:56,911750,-38,36,,,
E2801160600002073A4A0519,1,1970/1/5 17:56,911750,-38,36,,,
E2801160600002073A4A0519,1,1970/1/5 17:56,911750,-38,36,,,
E2801160600002073A4A0519,1,1970/1/5 17:56,911750,-38,36,,,
E2801160600002073A4A0519,1,1970/1/5 17:56,911750,-38,36,,,
E200497E93D28EF134FFAA3B,1,1970/1/5 17:56,911750,-74,104,,,
E200497E93D28EF134FFAA3B,1,1970/1/5 17:56,911750,-74,104,,,
E200497E93D28EF134FFAA3B,1,1970/1/5 17:56,911750,-74,104,,,
E200497E93D28EF134FFAA3B,1,1970/1/5 17:56,911750,-74,104,,,
E200497E93D28EF134FFAA3B,1,1970/1/5 17:56,911750,-74,104,,,
E200497E93D28EF134FFAA3B,1,1970/1/5 17:56,911750,-74,104,,,
E200497E93D28EF134FFAA3B,1,1970/1/5 17:56,911750,-74,104,,,
E2801160600002073A4A0529,1,1970/1/5 17:56,911750,-36,39,,,
E2801160600002073A4A0529,1,1970/1/5 17:56,911750,-36,39,,,
E2801160600002073A4A0529,1,1970/1/5 17:56,911750,-36,39,,,
E2801160600002073A4A0529,1,1970/1/5 17:56,911750,-36,39,,,
E2801160600002073A4A0529,1,1970/1/5 17:56,911750,-36,39,,,
E2801160600002073A4A0529,1,1970/1/5 17:56,911750,-36,39,,,
E2801160600002073A4A0529,1,1970/1/5 17:56,911750,-36,39,,,
E2801160600002073A4A0539,1,1970/1/5 17:56,911750,-72,42,,,
E2801160600002073A4A0539,1,1970/1/5 17:56,911750,-72,42,,,
E2801160600002073A4A0539,1,1970/1/5 17:56,911750,-72,42,,,
E2801160600002073A4A0539,1,1970/1/5 17:56,911750,-72,42,,,
E2801160600002073A4A0539,1,1970/1/5 17:56,911750,-72,42,,,
E2801160600002073A4A0539,1,1970/1/5 17:56,911750,-72,42,,,
E2801160600002073A4A0539,1,1970/1/5 17:56,911750,-72,42,,,
E2801160600002073A4A0529,2,1970/1/5 17:56,911750,-64,53,,,
E2801160600002073A4A0529,2,1970/1/5 17:56,911750,-64,53,,,
E2801160600002073A4A0529,2,1970/1/5 17:56,911750,-64,53,,,
E2801160600002073A4A0529,2,1970/1/5 17:56,911750,-64,53,,,
E2801160600002073A4A0529,2,1970/1/5 17:56,911750,-64,53,,,
E2801160600002073A4A0529,2,1970/1/5 17:56,911750,-64,53,,,
E2801160600002073A4A0529,2,1970/1/5 17:56,911750,-64,53,,,
E2801160600002073A4A0519,2,1970/1/5 17:56,911750,-57,75,,,
E2801160600002073A4A0519,2,1970/1/5 17:56,911750,-57,75,,,
E2801160600002073A4A0519,2,1970/1/5 17:56,911750,-57,75,,,
E2801160600002073A4A0519,2,1970/1/5 17:56,911750,-57,75,,,
E2801160600002073A4A0519,2,1970/1/5 17:56,911750,-57,75,,,
E2801160600002073A4A0519,2,1970/1/5 17:56,911750,-57,75,,,
E2801160600002073A4A0519,2,1970/1/5 17:56,911750,-57,75,,,
E2801160600002073A4A0519,3,1970/1/5 17:56,911750,-57,22,,,
E2801160600002073A4A0519,3,1970/1/5 17:56,911750,-57,22,,,
E2801160600002073A4A0519,3,1970/1/5 17:56,911750,-57,22,,,
E2801160600002073A4A0519,3,1970/1/5 17:56,911750,-57,22,,,
E2801160600002073A4A0519,3,1970/1/5 17:56,911750,-57,22,,,
E2801160600002073A4A0519,3,1970/1/5 17:56,911750,-57,22,,,
E2801160600002073A4A0519,3,1970/1/5 17:56,911750,-57,22,,,
E2801160600002073A4A0529,3,1970/1/5 17:56,911750,-67,171,,,
E2801160600002073A4A0529,3,1970/1/5 17:56,911750,-67,171,,,
E2801160600002073A4A0529,3,1970/1/5 17:56,911750,-67,171,,,
E2801160600002073A4A0529,3,1970/1/5 17:56,911750,-67,171,,,
E2801160600002073A4A0529,3,1970/1/5 17:56,911750,-67,171,,,
E2801160600002073A4A0529,3,1970/1/5 17:56,911750,-67,171,,,
E2801160600002073A4A0529,3,1970/1/5 17:56,911750,-67,171,,,
E2801160600002073A4A0529,1,1970/1/5 17:56,906250,-36,143,,,
E2801160600002073A4A0529,1,1970/1/5 17:56,906250,-36,143,,,
E2801160600002073A4A0529,1,1970/1/5 17:56,906250,-36,143,,,
E2801160600002073A4A0529,1,1970/1/5 17:56,906250,-36,143,,,
E2801160600002073A4A0529,1,1970/1/5 17:56,906250,-36,143,,,
E2801160600002073A4A0529,1,1970/1/5 17:56,906250,-36,143,,,
E2801160600002073A4A0529,1,1970/1/5 17:56,906250,-36,143,,,
E2801160600002073A4A0519,1,1970/1/5 17:56,906250,-38,140,,,
E2801160600002073A4A0519,1,1970/1/5 17:56,906250,-38,140,,,
E2801160600002073A4A0519,1,1970/1/5 17:56,906250,-38,140,,,
E2801160600002073A4A0519,1,1970/1/5 17:56,906250,-38,140,,,
E2801160600002073A4A0519,1,1970/1/5 17:56,906250,-38,140,,,
E2801160600002073A4A0519,1,1970/1/5 17:56,906250,-38,140,,,
E2801160600002073A4A0519,1,1970/1/5 17:56,906250,-38,140,,,
E200497E93D292B134FFAA4A,1,1970/1/5 17:56,906250,-75,104,,,
E200497E93D292B134FFAA4A,1,1970/1/5 17:56,906250,-75,104,,,
E200497E93D292B134FFAA4A,1,1970/1/5 17:56,906250,-75,104,,,
E200497E93D292B134FFAA4A,1,1970/1/5 17:56,906250,-75,104,,,
E200497E93D292B134FFAA4A,1,1970/1/5 17:56,906250,-75,104,,,
E200497E93D292B134FFAA4A,1,1970/1/5 17:56,906250,-75,104,,,
E200497E93D292B134FFAA4A,1,1970/1/5 17:56,906250,-75,104,,,
E200497E93D28EF134FFAA3B,1,1970/1/5 17:56,906250,-75,129,,,
E200497E93D28EF134FFAA3B,1,1970/1/5 17:56,906250,-75,129,,,
E200497E93D28EF134FFAA3B,1,1970/1/5 17:56,906250,-75,129,,,
E200497E93D28EF134FFAA3B,1,1970/1/5 17:56,906250,-75,129,,,
E200497E93D28EF134FFAA3B,1,1970/1/5 17:56,906250,-75,129,,,
E200497E93D28EF134FFAA3B,1,1970/1/5 17:56,906250,-75,129,,,
E200497E93D28EF134FFAA3B,1,1970/1/5 17:56,906250,-75,129,,,
E2801160600002073A4A0529,2,1970/1/5 17:56,906250,-63,22,,,
E2801160600002073A4A0529,2,1970/1/5 17:56,906250,-63,22,,,
E2801160600002073A4A0529,2,1970/1/5 17:56,906250,-63,22,,,
E2801160600002073A4A0529,2,1970/1/5 17:56,906250,-63,22,,,
E2801160600002073A4A0529,2,1970/1/5 17:56,906250,-63,22,,,
E2801160600002073A4A0529,2,1970/1/5 17:56,906250,-63,22,,,
E2801160600002073A4A0529,2,1970/1/5 17:56,906250,-63,22,,,
E2801160600002073A4A0519,2,1970/1/5 17:56,906250,-57,28,,,
E2801160600002073A4A0519,2,1970/1/5 17:56,906250,-57,28,,,
E2801160600002073A4A0519,2,1970/1/5 17:56,906250,-57,28,,,
E2801160600002073A4A0519,2,1970/1/5 17:56,906250,-57,28,,,
E2801160600002073A4A0519,2,1970/1/5 17:56,906250,-57,28,,,
E2801160600002073A4A0519,2,1970/1/5 17:56,906250,-57,28,,,
E2801160600002073A4A0519,2,1970/1/5 17:56,906250,-57,28,,,
E2801160600002073A4A0529,3,1970/1/5 17:56,906250,-66,149,,,
E2801160600002073A4A0529,3,1970/1/5 17:56,906250,-66,149,,,
E2801160600002073A4A0529,3,1970/1/5 17:56,906250,-66,149,,,
E2801160600002073A4A0529,3,1970/1/5 17:56,906250,-66,149,,,
E2801160600002073A4A0529,3,1970/1/5 17:56,906250,-66,149,,,
E2801160600002073A4A0529,3,1970/1/5 17:56,906250,-66,149,,,
E2801160600002073A4A0529,3,1970/1/5 17:56,906250,-66,149,,,
E2801160600002073A4A0519,3,1970/1/5 17:56,906250,-57,160,,,
E2801160600002073A4A0519,3,1970/1/5 17:56,906250,-57,160,,,
E2801160600002073A4A0519,3,1970/1/5 17:56,906250,-57,160,,,
E2801160600002073A4A0519,3,1970/1/5 17:56,906250,-57,160,,,
E2801160600002073A4A0519,3,1970/1/5 17:56,906250,-57,160,,,
E2801160600002073A4A0519,3,1970/1/5 17:56,906250,-57,160,,,
E2801160600002073A4A0519,3,1970/1/5 17:56,906250,-57,160,,,
E2801160600002073A4A0529,1,1970/1/5 17:56,906250,-36,154,,,
E2801160600002073A4A0529,1,1970/1/5 17:56,906250,-36,154,,,
E2801160600002073A4A0529,1,1970/1/5 17:56,906250,-36,154,,,
E2801160600002073A4A0529,1,1970/1/5 17:56,906250,-36,154,,,
E2801160600002073A4A0529,1,1970/1/5 17:56,906250,-36,154,,,
E2801160600002073A4A0529,1,1970/1/5 17:56,906250,-36,154,,,
E2801160600002073A4A0529,1,1970/1/5 17:56,906250,-36,154,,,
E2801160600002073A4A0519,1,1970/1/5 17:56,906250,-38,143,,,
E2801160600002073A4A0519,1,1970/1/5 17:56,906250,-38,143,,,
E2801160600002073A4A0519,1,1970/1/5 17:56,906250,-38,143,,,
E2801160600002073A4A0519,1,1970/1/5 17:56,906250,-38,143,,,
E2801160600002073A4A0519,1,1970/1/5 17:56,906250,-38,143,,,
E2801160600002073A4A0519,1,1970/1/5 17:56,906250,-38,143,,,
E2801160600002073A4A0519,1,1970/1/5 17:56,906250,-38,143,,,
E200497E93D292B134FFAA4A,1,1970/1/5 17:56,906250,-76,104,,,
E200497E93D292B134FFAA4A,1,1970/1/5 17:56,906250,-76,104,,,
E200497E93D292B134FFAA4A,1,1970/1/5 17:56,906250,-76,104,,,
E200497E93D292B134FFAA4A,1,1970/1/5 17:56,906250,-76,104,,,
E200497E93D292B134FFAA4A,1,1970/1/5 17:56,906250,-76,104,,,
E200497E93D292B134FFAA4A,1,1970/1/5 17:56,906250,-76,104,,,
E200497E93D292B134FFAA4A,1,1970/1/5 17:56,906250,-76,104,,,
E2801160600002073A4A0519,2,1970/1/5 17:56,906250,-57,28,,,
E2801160600002073A4A0519,2,1970/1/5 17:56,906250,-57,28,,,
E2801160600002073A4A0519,2,1970/1/5 17:56,906250,-57,28,,,
E2801160600002073A4A0519,2,1970/1/5 17:56,906250,-57,28,,,
E2801160600002073A4A0519,2,1970/1/5 17:56,906250,-57,28,,,
E2801160600002073A4A0519,2,1970/1/5 17:56,906250,-57,28,,,
E2801160600002073A4A0519,2,1970/1/5 17:56,906250,-57,28,,,
E2801160600002073A4A0529,2,1970/1/5 17:56,906250,-63,14,,,
E2801160600002073A4A0529,2,1970/1/5 17:56,906250,-63,14,,,
E2801160600002073A4A0529,2,1970/1/5 17:56,906250,-63,14,,,
E2801160600002073A4A0529,2,1970/1/5 17:56,906250,-63,14,,,
E2801160600002073A4A0529,2,1970/1/5 17:56,906250,-63,14,,,
E2801160600002073A4A0529,2,1970/1/5 17:56,906250,-63,14,,,
E2801160600002073A4A0529,2,1970/1/5 17:56,906250,-63,14,,,
E2801160600002073A4A0519,1,1970/1/5 17:56,919750,-41,33,,,
E2801160600002073A4A0519,1,1970/1/5 17:56,919750,-41,33,,,
E2801160600002073A4A0519,1,1970/1/5 17:56,919750,-41,33,,,
E2801160600002073A4A0519,1,1970/1/5 17:56,919750,-41,33,,,
E2801160600002073A4A0519,1,1970/1/5 17:56,919750,-41,33,,,
E2801160600002073A4A0519,1,1970/1/5 17:56,919750,-41,33,,,
E2801160600002073A4A0519,1,1970/1/5 17:56,919750,-41,33,,,
E2801160600002073A4A0519,1,1970/1/5 17:56,919750,-41,33,,,
E2801160600002073A4A0529,1,1970/1/5 17:56,919750,-37,39,,,
E2801160600002073A4A0529,1,1970/1/5 17:56,919750,-37,39,,,
E2801160600002073A4A0529,1,1970/1/5 17:56,919750,-37,39,,,
E2801160600002073A4A0529,1,1970/1/5 17:56,919750,-37,39,,,
E2801160600002073A4A0529,1,1970/1/5 17:56,919750,-37,39,,,
E2801160600002073A4A0529,1,1970/1/5 17:56,919750,-37,39,,,
E2801160600002073A4A0529,1,1970/1/5 17:56,919750,-37,39,,,
E2801160600002073A4A0529,1,1970/1/5 17:56,919750,-37,39,,,
E2801160600002073A4A0529,2,1970/1/5 17:56,919750,-62,28,,,
E2801160600002073A4A0529,2,1970/1/5 17:56,919750,-62,28,,,
E2801160600002073A4A0529,2,1970/1/5 17:56,919750,-62,28,,,
E2801160600002073A4A0529,2,1970/1/5 17:56,919750,-62,28,,,
E2801160600002073A4A0529,2,1970/1/5 17:56,919750,-62,28,,,
E2801160600002073A4A0529,2,1970/1/5 17:56,919750,-62,28,,,
E2801160600002073A4A0529,2,1970/1/5 17:56,919750,-62,28,,,
E2801160600002073A4A0529,2,1970/1/5 17:56,919750,-62,28,,,
E2801160600002073A4A0519,2,1970/1/5 17:56,919750,-57,45,,,
E2801160600002073A4A0519,2,1970/1/5 17:56,919750,-57,45,,,
E2801160600002073A4A0519,2,1970/1/5 17:56,919750,-57,45,,,
E2801160600002073A4A0519,2,1970/1/5 17:56,919750,-57,45,,,
E2801160600002073A4A0519,2,1970/1/5 17:56,919750,-57,45,,,
E2801160600002073A4A0519,2,1970/1/5 17:56,919750,-57,45,,,
E2801160600002073A4A0519,2,1970/1/5 17:56,919750,-57,45,,,
E2801160600002073A4A0519,2,1970/1/5 17:56,919750,-57,45,,,
E2801160600002073A4A0519,3,1970/1/5 17:56,919750,-58,174,,,
E2801160600002073A4A0519,3,1970/1/5 17:56,919750,-58,174,,,
E2801160600002073A4A0519,3,1970/1/5 17:56,919750,-58,174,,,
E2801160600002073A4A0519,3,1970/1/5 17:56,919750,-58,174,,,
E2801160600002073A4A0519,3,1970/1/5 17:56,919750,-58,174,,,
E2801160600002073A4A0519,3,1970/1/5 17:56,919750,-58,174,,,
E2801160600002073A4A0519,3,1970/1/5 17:56,919750,-58,174,,,
E2801160600002073A4A0519,3,1970/1/5 17:56,919750,-58,174,,,
E2801160600002073A4A0529,3,1970/1/5 17:56,919750,-67,165,,,
E2801160600002073A4A0529,3,1970/1/5 17:56,919750,-67,165,,,
E2801160600002073A4A0529,3,1970/1/5 17:56,919750,-67,165,,,
E2801160600002073A4A0529,3,1970/1/5 17:56,919750,-67,165,,,
E2801160600002073A4A0529,3,1970/1/5 17:56,919750,-67,165,,,
E2801160600002073A4A0529,3,1970/1/5 17:56,919750,-67,165,,,
E2801160600002073A4A0529,3,1970/1/5 17:56,919750,-67,165,,,
E2801160600002073A4A0529,3,1970/1/5 17:56,919750,-67,165,,,
E2801160600002073A4A0539,3,1970/1/5 17:56,919750,-79,56,,,
E2801160600002073A4A0539,3,1970/1/5 17:56,919750,-79,56,,,
E2801160600002073A4A0539,3,1970/1/5 17:56,919750,-79,56,,,
E2801160600002073A4A0539,3,1970/1/5 17:56,919750,-79,56,,,
E2801160600002073A4A0539,3,1970/1/5 17:56,919750,-79,56,,,
E2801160600002073A4A0539,3,1970/1/5 17:56,919750,-79,56,,,
E2801160600002073A4A0539,3,1970/1/5 17:56,919750,-79,56,,,
E2801160600002073A4A0539,3,1970/1/5 17:56,919750,-79,56,,,
E2801160600002073A4A0519,1,1970/1/5 17:56,919750,-41,33,,,
E2801160600002073A4A0519,1,1970/1/5 17:56,919750,-41,33,,,
E2801160600002073A4A0519,1,1970/1/5 17:56,919750,-41,33,,,
E2801160600002073A4A0519,1,1970/1/5 17:56,919750,-41,33,,,
E2801160600002073A4A0519,1,1970/1/5 17:56,919750,-41,33,,,
E2801160600002073A4A0519,1,1970/1/5 17:56,919750,-41,33,,,
E2801160600002073A4A0519,1,1970/1/5 17:56,919750,-41,33,,,
E2801160600002073A4A0519,1,1970/1/5 17:56,919750,-41,33,,,
E2801160600002073A4A0529,1,1970/1/5 17:56,919750,-37,39,,,
E2801160600002073A4A0529,1,1970/1/5 17:56,919750,-37,39,,,
E2801160600002073A4A0529,1,1970/1/5 17:56,919750,-37,39,,,
E2801160600002073A4A0529,1,1970/1/5 17:56,919750,-37,39,,,
E2801160600002073A4A0529,1,1970/1/5 17:56,919750,-37,39,,,
E2801160600002073A4A0529,1,1970/1/5 17:56,919750,-37,39,,,
E2801160600002073A4A0529,1,1970/1/5 17:56,919750,-37,39,,,
E2801160600002073A4A0529,1,1970/1/5 17:56,919750,-37,39,,,
E2801160600002073A4A0519,2,1970/1/5 17:56,919750,-57,42,,,
E2801160600002073A4A0519,2,1970/1/5 17:56,919750,-57,42,,,
E2801160600002073A4A0519,2,1970/1/5 17:56,919750,-57,42,,,
E2801160600002073A4A0519,2,1970/1/5 17:56,919750,-57,42,,,
E2801160600002073A4A0519,2,1970/1/5 17:56,919750,-57,42,,,
E2801160600002073A4A0519,2,1970/1/5 17:56,919750,-57,42,,,
E2801160600002073A4A0519,2,1970/1/5 17:56,919750,-57,42,,,
E2801160600002073A4A0519,2,1970/1/5 17:56,919750,-57,42,,,
E2801160600002073A4A0529,2,1970/1/5 17:56,919750,-62,30,,,
E2801160600002073A4A0529,2,1970/1/5 17:56,919750,-62,30,,,
E2801160600002073A4A0529,2,1970/1/5 17:56,919750,-62,30,,,
E2801160600002073A4A0529,2,1970/1/5 17:56,919750,-62,30,,,
E2801160600002073A4A0529,2,1970/1/5 17:56,919750,-62,30,,,
E2801160600002073A4A0529,2,1970/1/5 17:56,919750,-62,30,,,
E2801160600002073A4A0529,2,1970/1/5 17:56,919750,-62,30,,,
E2801160600002073A4A0529,2,1970/1/5 17:56,919750,-62,30,,,
E2801160600002073A4A0539,3,1970/1/5 17:56,919750,-79,70,,,
E2801160600002073A4A0539,3,1970/1/5 17:56,919750,-79,70,,,
E2801160600002073A4A0539,3,1970/1/5 17:56,919750,-79,70,,,
E2801160600002073A4A0539,3,1970/1/5 17:56,919750,-79,70,,,
E2801160600002073A4A0539,3,1970/1/5 17:56,919750,-79,70,,,
E2801160600002073A4A0539,3,1970/1/5 17:56,919750,-79,70,,,
E2801160600002073A4A0539,3,1970/1/5 17:56,919750,-79,70,,,
E2801160600002073A4A0539,3,1970/1/5 17:56,919750,-79,70,,,
E2801160600002073A4A0519,3,1970/1/5 17:56,919750,-58,0,,,
E2801160600002073A4A0519,3,1970/1/5 17:56,919750,-58,0,,,
E2801160600002073A4A0519,3,1970/1/5 17:56,919750,-58,0,,,
E2801160600002073A4A0519,3,1970/1/5 17:56,919750,-58,0,,,
E2801160600002073A4A0519,3,1970/1/5 17:56,919750,-58,0,,,
E2801160600002073A4A0519,3,1970/1/5 17:56,919750,-58,0,,,
E2801160600002073A4A0519,3,1970/1/5 17:56,919750,-58,0,,,
E2801160600002073A4A0519,3,1970/1/5 17:56,919750,-58,0,,,
E2801160600002073A4A0529,3,1970/1/5 17:56,919750,-67,149,,,
E2801160600002073A4A0529,3,1970/1/5 17:56,919750,-67,149,,,
E2801160600002073A4A0529,3,1970/1/5 17:56,919750,-67,149,,,
E2801160600002073A4A0529,3,1970/1/5 17:56,919750,-67,149,,,
E2801160600002073A4A0529,3,1970/1/5 17:56,919750,-67,149,,,
E2801160600002073A4A0529,3,1970/1/5 17:56,919750,-67,149,,,
E2801160600002073A4A0529,3,1970/1/5 17:56,919750,-67,149,,,
E2801160600002073A4A0529,3,1970/1/5 17:56,919750,-67,149,,,
E2801160600002073A4A0519,1,1970/1/5 17:56,919750,-41,30,,,
E2801160600002073A4A0519,1,1970/1/5 17:56,919750,-41,30,,,
E2801160600002073A4A0519,1,1970/1/5 17:56,919750,-41,30,,,
E2801160600002073A4A0519,1,1970/1/5 17:56,919750,-41,30,,,
E2801160600002073A4A0519,1,1970/1/5 17:56,919750,-41,30,,,
E2801160600002073A4A0519,1,1970/1/5 17:56,919750,-41,30,,,
E2801160600002073A4A0519,1,1970/1/5 17:56,919750,-41,30,,,
E2801160600002073A4A0519,1,1970/1/5 17:56,919750,-41,30,,,
E2801160600002073A4A0529,1,1970/1/5 17:56,919750,-37,42,,,
E2801160600002073A4A0529,1,1970/1/5 17:56,919750,-37,42,,,
E2801160600002073A4A0529,1,1970/1/5 17:56,919750,-37,42,,,
E2801160600002073A4A0529,1,1970/1/5 17:56,919750,-37,42,,,
E2801160600002073A4A0529,1,1970/1/5 17:56,919750,-37,42,,,
E2801160600002073A4A0529,1,1970/1/5 17:56,919750,-37,42,,,
E2801160600002073A4A0529,1,1970/1/5 17:56,919750,-37,42,,,
E2801160600002073A4A0529,1,1970/1/5 17:56,919750,-37,42,,,
E2801160600002073A4A0519,2,1970/1/5 17:56,927250,-57,28,,,
E2801160600002073A4A0519,2,1970/1/5 17:56,927250,-57,28,,,
E2801160600002073A4A0519,2,1970/1/5 17:56,927250,-57,28,,,
E2801160600002073A4A0519,2,1970/1/5 17:56,927250,-57,28,,,
E2801160600002073A4A0519,2,1970/1/5 17:56,927250,-57,28,,,
E2801160600002073A4A0519,2,1970/1/5 17:56,927250,-57,28,,,
E2801160600002073A4A0519,2,1970/1/5 17:56,927250,-57,28,,,
E2801160600002073A4A0519,2,1970/1/5 17:56,927250,-57,28,,,
E2801160600002073A4A0529,2,1970/1/5 17:56,927250,-63,11,,,
E2801160600002073A4A0529,2,1970/1/5 17:56,927250,-63,11,,,
E2801160600002073A4A0529,2,1970/1/5 17:56,927250,-63,11,,,
E2801160600002073A4A0529,2,1970/1/5 17:56,927250,-63,11,,,
E2801160600002073A4A0529,2,1970/1/5 17:56,927250,-63,11,,,
E2801160600002073A4A0529,2,1970/1/5 17:56,927250,-63,11,,,
E2801160600002073A4A0529,2,1970/1/5 17:56,927250,-63,11,,,
E2801160600002073A4A0529,2,1970/1/5 17:56,927250,-63,11,,,
E2801160600002073A4A0519,3,1970/1/5 17:56,927250,-57,16,,,
E2801160600002073A4A0519,3,1970/1/5 17:56,927250,-57,16,,,
E2801160600002073A4A0519,3,1970/1/5 17:56,927250,-57,16,,,
E2801160600002073A4A0519,3,1970/1/5 17:56,927250,-57,16,,,
E2801160600002073A4A0519,3,1970/1/5 17:56,927250,-57,16,,,
E2801160600002073A4A0519,3,1970/1/5 17:56,927250,-57,16,,,
E2801160600002073A4A0519,3,1970/1/5 17:56,927250,-57,16,,,
E2801160600002073A4A0519,3,1970/1/5 17:56,927250,-57,16,,,
E2801160600002073A4A0529,3,1970/1/5 17:56,927250,-66,165,,,
E2801160600002073A4A0529,3,1970/1/5 17:56,927250,-66,165,,,
E2801160600002073A4A0529,3,1970/1/5 17:56,927250,-66,165,,,
E2801160600002073A4A0529,3,1970/1/5 17:56,927250,-66,165,,,
E2801160600002073A4A0529,3,1970/1/5 17:56,927250,-66,165,,,
E2801160600002073A4A0529,3,1970/1/5 17:56,927250,-66,165,,,
E2801160600002073A4A0529,3,1970/1/5 17:56,927250,-66,165,,,
E2801160600002073A4A0529,3,1970/1/5 17:56,927250,-66,165,,,
E2801160600002073A4A0529,1,1970/1/5 17:56,927250,-38,70,,,
E2801160600002073A4A0529,1,1970/1/5 17:56,927250,-38,70,,,
E2801160600002073A4A0529,1,1970/1/5 17:56,927250,-38,70,,,
E2801160600002073A4A0529,1,1970/1/5 17:56,927250,-38,70,,,
E2801160600002073A4A0529,1,1970/1/5 17:56,927250,-38,70,,,
E2801160600002073A4A0529,1,1970/1/5 17:56,927250,-38,70,,,
E2801160600002073A4A0529,1,1970/1/5 17:56,927250,-38,70,,,
E2801160600002073A4A0529,1,1970/1/5 17:56,927250,-38,70,,,
E2801160600002073A4A0519,1,1970/1/5 17:56,927250,-41,59,,,
E2801160600002073A4A0519,1,1970/1/5 17:56,927250,-41,59,,,
E2801160600002073A4A0519,1,1970/1/5 17:56,927250,-41,59,,,
E2801160600002073A4A0519,1,1970/1/5 17:56,927250,-41,59,,,
E2801160600002073A4A0519,1,1970/1/5 17:56,927250,-41,59,,,
E2801160600002073A4A0519,1,1970/1/5 17:56,927250,-41,59,,,
E2801160600002073A4A0519,1,1970/1/5 17:56,927250,-41,59,,,
E2801160600002073A4A0519,1,1970/1/5 17:56,927250,-41,59,,,
E2801160600002073A4A0519,2,1970/1/5 17:56,927250,-57,28,,,
E2801160600002073A4A0519,2,1970/1/5 17:56,927250,-57,28,,,
E2801160600002073A4A0519,2,1970/1/5 17:56,927250,-57,28,,,
E2801160600002073A4A0519,2,1970/1/5 17:56,927250,-57,28,,,
E2801160600002073A4A0519,2,1970/1/5 17:56,927250,-57,28,,,
E2801160600002073A4A0519,2,1970/1/5 17:56,927250,-57,28,,,
E2801160600002073A4A0519,2,1970/1/5 17:56,927250,-57,28,,,
E2801160600002073A4A0519,2,1970/1/5 17:56,927250,-57,28,,,
E2801160600002073A4A0529,2,1970/1/5 17:56,927250,-63,177,,,
E2801160600002073A4A0529,2,1970/1/5 17:56,927250,-63,177,,,
E2801160600002073A4A0529,2,1970/1/5 17:56,927250,-63,177,,,
E2801160600002073A4A0529,2,1970/1/5 17:56,927250,-63,177,,,
E2801160600002073A4A0529,2,1970/1/5 17:56,927250,-63,177,,,
E2801160600002073A4A0529,2,1970/1/5 17:56,927250,-63,177,,,
E2801160600002073A4A0529,2,1970/1/5 17:56,927250,-63,177,,,
E2801160600002073A4A0529,2,1970/1/5 17:56,927250,-63,177,,,
E2801160600002073A4A0519,3,1970/1/5 17:56,927250,-57,19,,,
E2801160600002073A4A0519,3,1970/1/5 17:56,927250,-57,19,,,
E2801160600002073A4A0519,3,1970/1/5 17:56,927250,-57,19,,,
E2801160600002073A4A0519,3,1970/1/5 17:56,927250,-57,19,,,
E2801160600002073A4A0519,3,1970/1/5 17:56,927250,-57,19,,,
E2801160600002073A4A0519,3,1970/1/5 17:56,927250,-57,19,,,
E2801160600002073A4A0519,3,1970/1/5 17:56,927250,-57,19,,,
E2801160600002073A4A0519,3,1970/1/5 17:56,927250,-57,19,,,
E2801160600002073A4A0529,3,1970/1/5 17:56,927250,-66,2,,,
E2801160600002073A4A0529,3,1970/1/5 17:56,927250,-66,2,,,
E2801160600002073A4A0529,3,1970/1/5 17:56,927250,-66,2,,,
E2801160600002073A4A0529,3,1970/1/5 17:56,927250,-66,2,,,
E2801160600002073A4A0529,3,1970/1/5 17:56,927250,-66,2,,,
E2801160600002073A4A0529,3,1970/1/5 17:56,927250,-66,2,,,
E2801160600002073A4A0529,3,1970/1/5 17:56,927250,-66,2,,,
E2801160600002073A4A0529,3,1970/1/5 17:56,927250,-66,2,,,
E2801160600002073A4A0529,1,1970/1/5 17:56,927250,-38,67,,,
E2801160600002073A4A0529,1,1970/1/5 17:56,927250,-38,67,,,
E2801160600002073A4A0529,1,1970/1/5 17:56,927250,-38,67,,,
E2801160600002073A4A0529,1,1970/1/5 17:56,927250,-38,67,,,
E2801160600002073A4A0529,1,1970/1/5 17:56,927250,-38,67,,,
E2801160600002073A4A0529,1,1970/1/5 17:56,927250,-38,67,,,
E2801160600002073A4A0529,1,1970/1/5 17:56,927250,-38,67,,,
E2801160600002073A4A0529,1,1970/1/5 17:56,927250,-38,67,,,
E2801160600002073A4A0519,1,1970/1/5 17:56,927250,-41,56,,,
E2801160600002073A4A0519,1,1970/1/5 17:56,927250,-41,56,,,
E2801160600002073A4A0519,1,1970/1/5 17:56,927250,-41,56,,,
E2801160600002073A4A0519,1,1970/1/5 17:56,927250,-41,56,,,
E2801160600002073A4A0519,1,1970/1/5 17:56,927250,-41,56,,,
E2801160600002073A4A0519,1,1970/1/5 17:56,927250,-41,56,,,
E2801160600002073A4A0519,1,1970/1/5 17:56,927250,-41,56,,,
E2801160600002073A4A0519,1,1970/1/5 17:56,927250,-41,56,,,
E2801160600002073A4A0519,2,1970/1/5 17:56,927250,-57,33,,,
E2801160600002073A4A0519,2,1970/1/5 17:56,927250,-57,33,,,
E2801160600002073A4A0519,2,1970/1/5 17:56,927250,-57,33,,,
E2801160600002073A4A0519,2,1970/1/5 17:56,927250,-57,33,,,
E2801160600002073A4A0519,2,1970/1/5 17:56,927250,-57,33,,,
E2801160600002073A4A0519,2,1970/1/5 17:56,927250,-57,33,,,
E2801160600002073A4A0519,2,1970/1/5 17:56,927250,-57,33,,,
E2801160600002073A4A0519,2,1970/1/5 17:56,927250,-57,33,,,
E2801160600002073A4A0529,2,1970/1/5 17:56,927250,-63,16,,,
E2801160600002073A4A0529,2,1970/1/5 17:56,927250,-63,16,,,
E2801160600002073A4A0529,2,1970/1/5 17:56,927250,-63,16,,,
E2801160600002073A4A0529,2,1970/1/5 17:56,927250,-63,16,,,
E2801160600002073A4A0529,2,1970/1/5 17:56,927250,-63,16,,,
E2801160600002073A4A0529,2,1970/1/5 17:56,927250,-63,16,,,
E2801160600002073A4A0529,2,1970/1/5 17:56,927250,-63,16,,,
E2801160600002073A4A0529,2,1970/1/5 17:56,927250,-63,16,,,
E2801160600002073A4A0529,3,1970/1/5 17:56,927250,-66,163,,,
E2801160600002073A4A0529,3,1970/1/5 17:56,927250,-66,163,,,
E2801160600002073A4A0529,3,1970/1/5 17:56,927250,-66,163,,,
E2801160600002073A4A0529,3,1970/1/5 17:56,927250,-66,163,,,
E2801160600002073A4A0529,3,1970/1/5 17:56,927250,-66,163,,,
E2801160600002073A4A0529,3,1970/1/5 17:56,927250,-66,163,,,
E2801160600002073A4A0529,3,1970/1/5 17:56,927250,-66,163,,,
E2801160600002073A4A0529,3,1970/1/5 17:56,927250,-66,163,,,
E2801160600002073A4A0519,3,1970/1/5 17:56,927250,-57,22,,,
E2801160600002073A4A0519,3,1970/1/5 17:56,927250,-57,22,,,
E2801160600002073A4A0519,3,1970/1/5 17:56,927250,-57,22,,,
E2801160600002073A4A0519,3,1970/1/5 17:56,927250,-57,22,,,
E2801160600002073A4A0519,3,1970/1/5 17:56,927250,-57,22,,,
E2801160600002073A4A0519,3,1970/1/5 17:56,927250,-57,22,,,
E2801160600002073A4A0519,3,1970/1/5 17:56,927250,-57,22,,,
E2801160600002073A4A0519,3,1970/1/5 17:56,927250,-57,22,,,
E2801160600002073A4A0519,1,1970/1/5 17:56,927250,-41,67,,,
E2801160600002073A4A0519,1,1970/1/5 17:56,927250,-41,67,,,
E2801160600002073A4A0519,1,1970/1/5 17:56,927250,-41,67,,,
E2801160600002073A4A0519,1,1970/1/5 17:56,927250,-41,67,,,
E2801160600002073A4A0519,1,1970/1/5 17:56,927250,-41,67,,,
E2801160600002073A4A0519,1,1970/1/5 17:56,927250,-41,67,,,
E2801160600002073A4A0519,1,1970/1/5 17:56,927250,-41,67,,,
E2801160600002073A4A0519,1,1970/1/5 17:56,927250,-41,67,,,
E2801160600002073A4A0529,1,1970/1/5 17:56,927250,-38,70,,,
E2801160600002073A4A0529,1,1970/1/5 17:56,927250,-38,70,,,
E2801160600002073A4A0529,1,1970/1/5 17:56,927250,-38,70,,,
E2801160600002073A4A0529,1,1970/1/5 17:56,927250,-38,70,,,
E2801160600002073A4A0529,1,1970/1/5 17:56,927250,-38,70,,,
E2801160600002073A4A0529,1,1970/1/5 17:56,927250,-38,70,,,
E2801160600002073A4A0529,1,1970/1/5 17:56,927250,-38,70,,,
E2801160600002073A4A0529,1,1970/1/5 17:56,927250,-38,70,,,
E2801160600002073A4A0519,2,1970/1/5 17:56,922250,-55,146,,,
E2801160600002073A4A0519,2,1970/1/5 17:56,922250,-55,146,,,
E2801160600002073A4A0519,2,1970/1/5 17:56,922250,-55,146,,,
E2801160600002073A4A0519,2,1970/1/5 17:56,922250,-55,146,,,
E2801160600002073A4A0519,2,1970/1/5 17:56,922250,-55,146,,,
E2801160600002073A4A0519,2,1970/1/5 17:56,922250,-55,146,,,
E2801160600002073A4A0519,2,1970/1/5 17:56,922250,-55,146,,,
E2801160600002073A4A0519,2,1970/1/5 17:56,922250,-55,146,,,
E2801160600002073A4A0529,2,1970/1/5 17:56,922250,-61,135,,,
E2801160600002073A4A0529,2,1970/1/5 17:56,922250,-61,135,,,
E2801160600002073A4A0529,2,1970/1/5 17:56,922250,-61,135,,,
E2801160600002073A4A0529,2,1970/1/5 17:56,922250,-61,135,,,
E2801160600002073A4A0529,2,1970/1/5 17:56,922250,-61,135,,,
E2801160600002073A4A0529,2,1970/1/5 17:56,922250,-61,135,,,
E2801160600002073A4A0529,2,1970/1/5 17:56,922250,-61,135,,,
E2801160600002073A4A0529,2,1970/1/5 17:56,922250,-61,135,,,
E2801160600002073A4A0519,3,1970/1/5 17:56,922250,-57,126,,,
E2801160600002073A4A0519,3,1970/1/5 17:56,922250,-57,126,,,
E2801160600002073A4A0519,3,1970/1/5 17:56,922250,-57,126,,,
E2801160600002073A4A0519,3,1970/1/5 17:56,922250,-57,126,,,
E2801160600002073A4A0519,3,1970/1/5 17:56,922250,-57,126,,,
E2801160600002073A4A0519,3,1970/1/5 17:56,922250,-57,126,,,
E2801160600002073A4A0519,3,1970/1/5 17:56,922250,-57,126,,,
E2801160600002073A4A0519,3,1970/1/5 17:56,922250,-57,126,,,
E2801160600002073A4A0529,3,1970/1/5 17:56,922250,-67,112,,,
E2801160600002073A4A0529,3,1970/1/5 17:56,922250,-67,112,,,
E2801160600002073A4A0529,3,1970/1/5 17:56,922250,-67,112,,,
E2801160600002073A4A0529,3,1970/1/5 17:56,922250,-67,112,,,
E2801160600002073A4A0529,3,1970/1/5 17:56,922250,-67,112,,,
E2801160600002073A4A0529,3,1970/1/5 17:56,922250,-67,112,,,
E2801160600002073A4A0529,3,1970/1/5 17:56,922250,-67,112,,,
