EPC,Ant,Time,Frequency,RSSI,Phase,
E2801160600002073A4A0529,1,1970/1/5 19:21:37,911750,-61,140
E2801160600002073A4A0529,1,1970/1/5 19:21:37,911750,-61,140
E2801160600002073A4A0529,1,1970/1/5 19:21:37,911750,-61,140
E2801160600002073A4A0519,1,1970/1/5 19:21:37,911750,-54,154
E2801160600002073A4A0519,1,1970/1/5 19:21:37,911750,-54,154
E2801160600002073A4A0519,1,1970/1/5 19:21:37,911750,-54,154
E2801160600002073A4A0529,2,1970/1/5 19:21:37,911750,-74,92
E2801160600002073A4A0529,2,1970/1/5 19:21:37,911750,-74,92
E2801160600002073A4A0529,2,1970/1/5 19:21:37,911750,-74,92
E2801160600002073A4A0519,2,1970/1/5 19:21:37,911750,-75,95
E2801160600002073A4A0519,2,1970/1/5 19:21:37,911750,-75,95
E2801160600002073A4A0519,2,1970/1/5 19:21:37,911750,-75,95
E2801160600002073A4A0529,3,1970/1/5 19:21:37,911750,-64,8
E2801160600002073A4A0529,3,1970/1/5 19:21:37,911750,-64,8
E2801160600002073A4A0529,3,1970/1/5 19:21:37,911750,-64,8
E2801160600002073A4A0519,3,1970/1/5 19:21:37,911750,-64,174
E2801160600002073A4A0519,3,1970/1/5 19:21:37,911750,-64,174
E2801160600002073A4A0519,3,1970/1/5 19:21:37,911750,-64,174
E2801160600002073A4A0519,1,1970/1/5 19:21:37,911750,-53,120
E2801160600002073A4A0519,1,1970/1/5 19:21:37,911750,-53,120
E2801160600002073A4A0519,1,1970/1/5 19:21:37,911750,-53,120
E2801160600002073A4A0529,1,1970/1/5 19:21:37,911750,-57,92
E2801160600002073A4A0529,1,1970/1/5 19:21:37,911750,-57,92
E2801160600002073A4A0529,1,1970/1/5 19:21:37,911750,-57,92
E2801160600002073A4A0529,2,1970/1/5 19:21:37,911750,-74,61
E2801160600002073A4A0529,2,1970/1/5 19:21:37,911750,-74,61
E2801160600002073A4A0529,2,1970/1/5 19:21:37,911750,-74,61
E2801160600002073A4A0519,2,1970/1/5 19:21:37,911750,-74,90
E2801160600002073A4A0519,2,1970/1/5 19:21:37,911750,-74,90
E2801160600002073A4A0519,2,1970/1/5 19:21:37,911750,-74,90
E2801160600002073A4A0519,3,1970/1/5 19:21:37,911750,-69,22
E2801160600002073A4A0519,3,1970/1/5 19:21:37,911750,-69,22
E2801160600002073A4A0519,3,1970/1/5 19:21:37,911750,-69,22
E2801160600002073A4A0529,3,1970/1/5 19:21:37,911750,-68,5
E2801160600002073A4A0529,3,1970/1/5 19:21:37,911750,-68,5
E2801160600002073A4A0529,3,1970/1/5 19:21:37,911750,-68,5
E2801160600002073A4A0529,1,1970/1/5 19:21:38,911750,-54,98
E2801160600002073A4A0529,1,1970/1/5 19:21:38,911750,-54,98
E2801160600002073A4A0529,1,1970/1/5 19:21:38,911750,-54,98
E2801160600002073A4A0519,1,1970/1/5 19:21:38,911750,-53,109
E2801160600002073A4A0519,1,1970/1/5 19:21:38,911750,-53,109
E2801160600002073A4A0519,1,1970/1/5 19:21:38,911750,-53,109
E2801160600002073A4A0529,2,1970/1/5 19:21:38,911750,-76,92
E2801160600002073A4A0529,2,1970/1/5 19:21:38,911750,-76,92
E2801160600002073A4A0529,2,1970/1/5 19:21:38,911750,-76,92
E2801160600002073A4A0519,2,1970/1/5 19:21:38,911750,-75,36
E2801160600002073A4A0519,2,1970/1/5 19:21:38,911750,-75,36
E2801160600002073A4A0519,2,1970/1/5 19:21:38,911750,-75,36
E2801160600002073A4A0519,3,1970/1/5 19:21:38,911750,-66,39
E2801160600002073A4A0519,3,1970/1/5 19:21:38,911750,-66,39
E2801160600002073A4A0519,3,1970/1/5 19:21:38,911750,-66,39
E2801160600002073A4A0529,3,1970/1/5 19:21:38,911750,-66,56
E2801160600002073A4A0529,3,1970/1/5 19:21:38,911750,-66,56
E2801160600002073A4A0529,3,1970/1/5 19:21:38,911750,-66,56
E2801160600002073A4A0529,1,1970/1/5 19:21:38,906250,-56,98
E2801160600002073A4A0529,1,1970/1/5 19:21:38,906250,-56,98
E2801160600002073A4A0529,1,1970/1/5 19:21:38,906250,-56,98
E2801160600002073A4A0519,1,1970/1/5 19:21:38,906250,-53,70
E2801160600002073A4A0519,1,1970/1/5 19:21:38,906250,-53,70
E2801160600002073A4A0519,1,1970/1/5 19:21:38,906250,-53,70
E2801160600002073A4A0529,2,1970/1/5 19:21:38,906250,-70,8
E2801160600002073A4A0529,2,1970/1/5 19:21:38,906250,-70,8
E2801160600002073A4A0529,2,1970/1/5 19:21:38,906250,-70,8
E2801160600002073A4A0519,2,1970/1/5 19:21:38,906250,-74,168
E2801160600002073A4A0519,2,1970/1/5 19:21:38,906250,-74,168
E2801160600002073A4A0519,2,1970/1/5 19:21:38,906250,-74,168
E2801160600002073A4A0519,3,1970/1/5 19:21:38,906250,-62,22
E2801160600002073A4A0519,3,1970/1/5 19:21:38,906250,-62,22
E2801160600002073A4A0519,3,1970/1/5 19:21:38,906250,-62,22
E2801160600002073A4A0529,3,1970/1/5 19:21:38,906250,-63,53
E2801160600002073A4A0529,3,1970/1/5 19:21:38,906250,-63,53
E2801160600002073A4A0529,3,1970/1/5 19:21:38,906250,-63,53
E2801160600002073A4A0519,1,1970/1/5 19:21:38,906250,-54,67
E2801160600002073A4A0519,1,1970/1/5 19:21:38,906250,-54,67
E2801160600002073A4A0519,1,1970/1/5 19:21:38,906250,-54,67
E2801160600002073A4A0529,1,1970/1/5 19:21:38,906250,-62,78
E2801160600002073A4A0529,1,1970/1/5 19:21:38,906250,-62,78
E2801160600002073A4A0529,1,1970/1/5 19:21:38,906250,-62,78
E2801160600002073A4A0539,1,1970/1/5 19:21:38,906250,-79,92
E2801160600002073A4A0539,1,1970/1/5 19:21:38,906250,-79,92
E2801160600002073A4A0539,1,1970/1/5 19:21:38,906250,-79,92
E2801160600002073A4A0529,2,1970/1/5 19:21:38,906250,-70,174
E2801160600002073A4A0529,2,1970/1/5 19:21:38,906250,-70,174
E2801160600002073A4A0529,2,1970/1/5 19:21:38,906250,-70,174
E2801160600002073A4A0519,2,1970/1/5 19:21:38,906250,-75,165
E2801160600002073A4A0519,2,1970/1/5 19:21:38,906250,-75,165
E2801160600002073A4A0519,2,1970/1/5 19:21:38,906250,-75,165
E2801160600002073A4A0519,3,1970/1/5 19:21:38,906250,-62,160
E2801160600002073A4A0519,3,1970/1/5 19:21:38,906250,-62,160
E2801160600002073A4A0519,3,1970/1/5 19:21:38,906250,-62,160
E2801160600002073A4A0529,3,1970/1/5 19:21:38,906250,-63,0
E2801160600002073A4A0529,3,1970/1/5 19:21:38,906250,-63,0
E2801160600002073A4A0529,3,1970/1/5 19:21:38,906250,-63,0
E2801160600002073A4A0529,1,1970/1/5 19:21:38,919750,-68,129
E2801160600002073A4A0529,1,1970/1/5 19:21:38,919750,-68,129
E2801160600002073A4A0529,1,1970/1/5 19:21:38,919750,-68,129
E2801160600002073A4A0519,1,1970/1/5 19:21:38,919750,-57,98
E2801160600002073A4A0519,1,1970/1/5 19:21:38,919750,-57,98
E2801160600002073A4A0519,1,1970/1/5 19:21:38,919750,-57,98
E2801160600002073A4A0519,2,1970/1/5 19:21:38,919750,-75,2
E2801160600002073A4A0519,2,1970/1/5 19:21:38,919750,-75,2
E2801160600002073A4A0519,2,1970/1/5 19:21:38,919750,-75,2
E2801160600002073A4A0529,2,1970/1/5 19:21:38,919750,-73,47
E2801160600002073A4A0529,2,1970/1/5 19:21:38,919750,-73,47
E2801160600002073A4A0529,2,1970/1/5 19:21:38,919750,-73,47
E2801160600002073A4A0529,3,1970/1/5 19:21:38,919750,-66,30
E2801160600002073A4A0529,3,1970/1/5 19:21:38,919750,-66,30
E2801160600002073A4A0529,3,1970/1/5 19:21:38,919750,-66,30
E2801160600002073A4A0519,3,1970/1/5 19:21:38,919750,-64,45
E2801160600002073A4A0519,3,1970/1/5 19:21:38,919750,-64,45
E2801160600002073A4A0519,3,1970/1/5 19:21:38,919750,-64,45
E2801160600002073A4A0519,1,1970/1/5 19:21:38,919750,-58,70
E2801160600002073A4A0519,1,1970/1/5 19:21:38,919750,-58,70
E2801160600002073A4A0519,1,1970/1/5 19:21:38,919750,-58,70
E2801160600002073A4A0529,1,1970/1/5 19:21:38,919750,-72,53
E2801160600002073A4A0529,1,1970/1/5 19:21:38,919750,-72,53
E2801160600002073A4A0529,1,1970/1/5 19:21:38,919750,-72,53
E2801160600002073A4A0529,2,1970/1/5 19:21:38,919750,-73,30
E2801160600002073A4A0529,2,1970/1/5 19:21:38,919750,-73,30
E2801160600002073A4A0529,2,1970/1/5 19:21:38,919750,-73,30
E2801160600002073A4A0519,2,1970/1/5 19:21:38,919750,-76,28
E2801160600002073A4A0519,2,1970/1/5 19:21:38,919750,-76,28
E2801160600002073A4A0519,2,1970/1/5 19:21:38,919750,-76,28
E2801160600002073A4A0519,3,1970/1/5 19:21:38,919750,-64,28
E2801160600002073A4A0519,3,1970/1/5 19:21:38,919750,-64,28
E2801160600002073A4A0519,3,1970/1/5 19:21:38,919750,-64,28
E2801160600002073A4A0529,3,1970/1/5 19:21:38,919750,-66,28
E2801160600002073A4A0529,3,1970/1/5 19:21:38,919750,-66,28
E2801160600002073A4A0529,3,1970/1/5 19:21:38,919750,-66,28
E2801160600002073A4A0519,1,1970/1/5 19:21:38,927250,-60,95
E2801160600002073A4A0519,1,1970/1/5 19:21:38,927250,-60,95
E2801160600002073A4A0519,1,1970/1/5 19:21:38,927250,-60,95
E2801160600002073A4A0529,1,1970/1/5 19:21:38,927250,-77,126
E2801160600002073A4A0529,1,1970/1/5 19:21:38,927250,-77,126
E2801160600002073A4A0529,1,1970/1/5 19:21:38,927250,-77,126
E2801160600002073A4A0529,2,1970/1/5 19:21:38,927250,-71,106
E2801160600002073A4A0529,2,1970/1/5 19:21:38,927250,-71,106
E2801160600002073A4A0529,2,1970/1/5 19:21:38,927250,-71,106
E2801160600002073A4A0519,2,1970/1/5 19:21:38,927250,-74,28
E2801160600002073A4A0519,2,1970/1/5 19:21:38,927250,-74,28
E2801160600002073A4A0519,2,1970/1/5 19:21:38,927250,-74,28
E2801160600002073A4A0529,3,1970/1/5 19:21:38,927250,-63,67
E2801160600002073A4A0529,3,1970/1/5 19:21:38,927250,-63,67
E2801160600002073A4A0529,3,1970/1/5 19:21:38,927250,-63,67
E2801160600002073A4A0519,3,1970/1/5 19:21:38,927250,-60,50
E2801160600002073A4A0519,3,1970/1/5 19:21:38,927250,-60,50
E2801160600002073A4A0519,3,1970/1/5 19:21:38,927250,-60,50
E2801160600002073A4A0519,1,1970/1/5 19:21:38,927250,-61,104
E2801160600002073A4A0519,1,1970/1/5 19:21:38,927250,-61,104
E2801160600002073A4A0519,1,1970/1/5 19:21:38,927250,-61,104
E2801160600002073A4A0529,2,1970/1/5 19:21:38,927250,-71,92
E2801160600002073A4A0529,2,1970/1/5 19:21:38,927250,-71,92
E2801160600002073A4A0529,2,1970/1/5 19:21:38,927250,-71,92
E2801160600002073A4A0519,2,1970/1/5 19:21:38,927250,-74,36
E2801160600002073A4A0519,2,1970/1/5 19:21:38,927250,-74,36
E2801160600002073A4A0519,2,1970/1/5 19:21:38,927250,-74,36
E2801160600002073A4A0529,3,1970/1/5 19:21:38,927250,-62,61
E2801160600002073A4A0529,3,1970/1/5 19:21:38,927250,-62,61
E2801160600002073A4A0529,3,1970/1/5 19:21:38,927250,-62,61
E2801160600002073A4A0519,3,1970/1/5 19:21:38,927250,-60,56
E2801160600002073A4A0519,3,1970/1/5 19:21:38,927250,-60,56
E2801160600002073A4A0519,3,1970/1/5 19:21:38,927250,-60,56
E2801160600002073A4A0519,1,1970/1/5 19:21:39,927250,-62,106
E2801160600002073A4A0519,1,1970/1/5 19:21:39,927250,-62,106
E2801160600002073A4A0519,1,1970/1/5 19:21:39,927250,-62,106
E2801160600002073A4A0519,2,1970/1/5 19:21:39,927250,-74,5
E2801160600002073A4A0519,2,1970/1/5 19:21:39,927250,-74,5
E2801160600002073A4A0519,2,1970/1/5 19:21:39,927250,-74,5
E2801160600002073A4A0529,2,1970/1/5 19:21:39,927250,-72,90
E2801160600002073A4A0529,2,1970/1/5 19:21:39,927250,-72,90
E2801160600002073A4A0529,2,1970/1/5 19:21:39,927250,-72,90
E2801160600002073A4A0519,3,1970/1/5 19:21:39,927250,-60,39
E2801160600002073A4A0519,3,1970/1/5 19:21:39,927250,-60,39
E2801160600002073A4A0519,3,1970/1/5 19:21:39,927250,-60,39
E2801160600002073A4A0529,3,1970/1/5 19:21:39,927250,-63,45
E2801160600002073A4A0529,3,1970/1/5 19:21:39,927250,-63,45
E2801160600002073A4A0529,3,1970/1/5 19:21:39,927250,-63,45
E2801160600002073A4A0519,1,1970/1/5 19:21:39,922250,-64,14
E2801160600002073A4A0519,1,1970/1/5 19:21:39,922250,-64,14
E2801160600002073A4A0519,1,1970/1/5 19:21:39,922250,-64,14
E2801160600002073A4A0529,1,1970/1/5 19:21:39,922250,-64,2
E2801160600002073A4A0529,1,1970/1/5 19:21:39,922250,-64,2
E2801160600002073A4A0529,1,1970/1/5 19:21:39,922250,-64,2
E2801160600002073A4A0529,2,1970/1/5 19:21:39,922250,-77,0
E2801160600002073A4A0529,2,1970/1/5 19:21:39,922250,-77,0
E2801160600002073A4A0529,2,1970/1/5 19:21:39,922250,-77,0
E2801160600002073A4A0519,2,1970/1/5 19:21:39,922250,-74,135
E2801160600002073A4A0519,2,1970/1/5 19:21:39,922250,-74,135
E2801160600002073A4A0519,2,1970/1/5 19:21:39,922250,-74,135
E2801160600002073A4A0519,3,1970/1/5 19:21:39,922250,-62,129
E2801160600002073A4A0519,3,1970/1/5 19:21:39,922250,-62,129
E2801160600002073A4A0519,3,1970/1/5 19:21:39,922250,-62,129
E2801160600002073A4A0529,3,1970/1/5 19:21:39,922250,-71,64
E2801160600002073A4A0529,3,1970/1/5 19:21:39,922250,-71,64
E2801160600002073A4A0529,3,1970/1/5 19:21:39,922250,-71,64
E2801160600002073A4A0519,1,1970/1/5 19:21:39,922250,-65,165
E2801160600002073A4A0519,1,1970/1/5 19:21:39,922250,-65,165
E2801160600002073A4A0519,1,1970/1/5 19:21:39,922250,-65,165
E2801160600002073A4A0529,1,1970/1/5 19:21:39,922250,-63,16
E2801160600002073A4A0529,1,1970/1/5 19:21:39,922250,-63,16
E2801160600002073A4A0529,1,1970/1/5 19:21:39,922250,-63,16
E2801160600002073A4A0529,2,1970/1/5 19:21:39,922250,-78,28
E2801160600002073A4A0529,2,1970/1/5 19:21:39,922250,-78,28
E2801160600002073A4A0529,2,1970/1/5 19:21:39,922250,-78,28
E2801160600002073A4A0519,2,1970/1/5 19:21:39,922250,-74,146
E2801160600002073A4A0519,2,1970/1/5 19:21:39,922250,-74,146
E2801160600002073A4A0519,2,1970/1/5 19:21:39,922250,-74,146
E2801160600002073A4A0519,3,1970/1/5 19:21:39,922250,-62,135
E2801160600002073A4A0519,3,1970/1/5 19:21:39,922250,-62,135
E2801160600002073A4A0519,3,1970/1/5 19:21:39,922250,-62,135
E2801160600002073A4A0529,3,1970/1/5 19:21:39,922250,-72,92
E2801160600002073A4A0529,3,1970/1/5 19:21:39,922250,-72,92
E2801160600002073A4A0529,3,1970/1/5 19:21:39,922250,-72,92
E2801160600002073A4A0529,1,1970/1/5 19:21:39,922250,-63,168
E2801160600002073A4A0529,1,1970/1/5 19:21:39,922250,-63,168
E2801160600002073A4A0529,1,1970/1/5 19:21:39,922250,-63,168
E2801160600002073A4A0519,1,1970/1/5 19:21:39,922250,-63,165
E2801160600002073A4A0519,1,1970/1/5 19:21:39,922250,-63,165
E2801160600002073A4A0519,1,1970/1/5 19:21:39,922250,-63,165
E2801160600002073A4A0529,2,1970/1/5 19:21:39,922250,-77,50
E2801160600002073A4A0529,2,1970/1/5 19:21:39,922250,-77,50
E2801160600002073A4A0529,2,1970/1/5 19:21:39,922250,-77,50
E2801160600002073A4A0519,2,1970/1/5 19:21:39,922250,-74,120
E2801160600002073A4A0519,2,1970/1/5 19:21:39,922250,-74,120
E2801160600002073A4A0519,2,1970/1/5 19:21:39,922250,-74,120
E2801160600002073A4A0519,3,1970/1/5 19:21:39,922250,-62,129
E2801160600002073A4A0519,3,1970/1/5 19:21:39,922250,-62,129
E2801160600002073A4A0519,3,1970/1/5 19:21:39,922250,-62,129
E2801160600002073A4A0529,3,1970/1/5 19:21:39,922250,-72,118
E2801160600002073A4A0529,3,1970/1/5 19:21:39,922250,-72,118
E2801160600002073A4A0529,3,1970/1/5 19:21:39,922250,-72,118
E2801160600002073A4A0529,1,1970/1/5 19:21:39,907250,-62,149
E2801160600002073A4A0529,1,1970/1/5 19:21:39,907250,-62,149
E2801160600002073A4A0529,1,1970/1/5 19:21:39,907250,-62,149
E2801160600002073A4A0519,1,1970/1/5 19:21:39,907250,-64,129
E2801160600002073A4A0519,1,1970/1/5 19:21:39,907250,-64,129
E2801160600002073A4A0519,1,1970/1/5 19:21:39,907250,-64,129
E2801160600002073A4A0539,1,1970/1/5 19:21:39,907250,-79,81
E2801160600002073A4A0539,1,1970/1/5 19:21:39,907250,-79,81
E2801160600002073A4A0539,1,1970/1/5 19:21:39,907250,-79,81
E2801160600002073A4A0529,2,1970/1/5 19:21:39,907250,-74,53
E2801160600002073A4A0529,2,1970/1/5 19:21:39,907250,-74,53
E2801160600002073A4A0529,2,1970/1/5 19:21:39,907250,-74,53
E2801160600002073A4A0519,2,1970/1/5 19:21:39,907250,-75,2
E2801160600002073A4A0519,2,1970/1/5 19:21:39,907250,-75,2
E2801160600002073A4A0519,2,1970/1/5 19:21:39,907250,-75,2
E2801160600002073A4A0529,3,1970/1/5 19:21:39,907250,-69,92
E2801160600002073A4A0529,3,1970/1/5 19:21:39,907250,-69,92
E2801160600002073A4A0529,3,1970/1/5 19:21:39,907250,-69,92
E2801160600002073A4A0519,3,1970/1/5 19:21:39,907250,-58,98
E2801160600002073A4A0519,3,1970/1/5 19:21:39,907250,-58,98
E2801160600002073A4A0519,3,1970/1/5 19:21:39,907250,-58,98
E2801160600002073A4A0529,1,1970/1/5 19:21:39,907250,-69,42
E2801160600002073A4A0529,1,1970/1/5 19:21:39,907250,-69,42
E2801160600002073A4A0529,1,1970/1/5 19:21:39,907250,-69,42
E2801160600002073A4A0519,1,1970/1/5 19:21:39,907250,-59,163
E2801160600002073A4A0519,1,1970/1/5 19:21:39,907250,-59,163
E2801160600002073A4A0519,1,1970/1/5 19:21:39,907250,-59,163
E2801160600002073A4A0539,1,1970/1/5 19:21:39,907250,-77,75
E2801160600002073A4A0539,1,1970/1/5 19:21:39,907250,-77,75
E2801160600002073A4A0539,1,1970/1/5 19:21:39,907250,-77,75
E2801160600002073A4A0519,2,1970/1/5 19:21:39,907250,-74,106
E2801160600002073A4A0519,2,1970/1/5 19:21:39,907250,-74,106
E2801160600002073A4A0519,2,1970/1/5 19:21:39,907250,-74,106
E2801160600002073A4A0529,3,1970/1/5 19:21:39,907250,-59,160
E2801160600002073A4A0529,3,1970/1/5 19:21:39,907250,-59,160
E2801160600002073A4A0529,3,1970/1/5 19:21:39,907250,-59,160
E2801160600002073A4A0519,3,1970/1/5 19:21:39,907250,-62,132
E2801160600002073A4A0519,3,1970/1/5 19:21:39,907250,-62,132
E2801160600002073A4A0519,3,1970/1/5 19:21:39,907250,-62,132
E2801160600002073A4A0519,1,1970/1/5 19:21:39,920750,-53,95
E2801160600002073A4A0519,1,1970/1/5 19:21:39,920750,-53,95
E2801160600002073A4A0519,1,1970/1/5 19:21:39,920750,-53,95
E2801160600002073A4A0529,1,1970/1/5 19:21:39,920750,-57,16
E2801160600002073A4A0529,1,1970/1/5 19:21:39,920750,-57,16
E2801160600002073A4A0529,1,1970/1/5 19:21:39,920750,-57,16
E2801160600002073A4A0519,2,1970/1/5 19:21:39,920750,-72,137
E2801160600002073A4A0519,2,1970/1/5 19:21:39,920750,-72,137
E2801160600002073A4A0519,2,1970/1/5 19:21:39,920750,-72,137
E2801160600002073A4A0529,3,1970/1/5 19:21:39,920750,-65,16
E2801160600002073A4A0529,3,1970/1/5 19:21:39,920750,-65,16
E2801160600002073A4A0529,3,1970/1/5 19:21:39,920750,-65,16
E2801160600002073A4A0519,3,1970/1/5 19:21:39,920750,-64,30
E2801160600002073A4A0519,3,1970/1/5 19:21:39,920750,-64,30
E2801160600002073A4A0519,3,1970/1/5 19:21:39,920750,-64,30
E2801160600002073A4A0519,1,1970/1/5 19:21:39,920750,-54,95
E2801160600002073A4A0519,1,1970/1/5 19:21:39,920750,-54,95
E2801160600002073A4A0519,1,1970/1/5 19:21:39,920750,-54,95
E2801160600002073A4A0529,1,1970/1/5 19:21:39,920750,-64,140
E2801160600002073A4A0529,1,1970/1/5 19:21:39,920750,-64,140
E2801160600002073A4A0529,1,1970/1/5 19:21:39,920750,-64,140
E2801160600002073A4A0519,2,1970/1/5 19:21:39,920750,-71,135
E2801160600002073A4A0519,2,1970/1/5 19:21:39,920750,-71,135
E2801160600002073A4A0519,2,1970/1/5 19:21:39,920750,-71,135
E2801160600002073A4A0529,2,1970/1/5 19:21:39,920750,-77,171
E2801160600002073A4A0529,2,1970/1/5 19:21:39,920750,-77,171
E2801160600002073A4A0529,2,1970/1/5 19:21:39,920750,-77,171
E2801160600002073A4A0529,3,1970/1/5 19:21:39,920750,-72,123
E2801160600002073A4A0529,3,1970/1/5 19:21:39,920750,-72,123
E2801160600002073A4A0529,3,1970/1/5 19:21:39,920750,-72,123
E2801160600002073A4A0519,3,1970/1/5 19:21:39,920750,-66,22
E2801160600002073A4A0519,3,1970/1/5 19:21:39,920750,-66,22
E2801160600002073A4A0519,3,1970/1/5 19:21:39,920750,-66,22
E2801160600002073A4A0529,1,1970/1/5 19:21:40,920750,-66,101
E2801160600002073A4A0529,1,1970/1/5 19:21:40,920750,-66,101
E2801160600002073A4A0529,1,1970/1/5 19:21:40,920750,-66,101
E2801160600002073A4A0519,1,1970/1/5 19:21:40,920750,-57,95
E2801160600002073A4A0519,1,1970/1/5 19:21:40,920750,-57,95
E2801160600002073A4A0519,1,1970/1/5 19:21:40,920750,-57,95
E2801160600002073A4A0519,2,1970/1/5 19:21:40,920750,-71,137
E2801160600002073A4A0519,2,1970/1/5 19:21:40,920750,-71,137
E2801160600002073A4A0519,2,1970/1/5 19:21:40,920750,-71,137
E2801160600002073A4A0529,2,1970/1/5 19:21:40,920750,-81,177
E2801160600002073A4A0529,2,1970/1/5 19:21:40,920750,-81,177
E2801160600002073A4A0529,2,1970/1/5 19:21:40,920750,-81,177
E2801160600002073A4A0529,3,1970/1/5 19:21:40,920750,-69,33
E2801160600002073A4A0529,3,1970/1/5 19:21:40,920750,-69,33
E2801160600002073A4A0529,3,1970/1/5 19:21:40,920750,-69,33
E2801160600002073A4A0519,3,1970/1/5 19:21:40,920750,-66,22
E2801160600002073A4A0519,3,1970/1/5 19:21:40,920750,-66,22
E2801160600002073A4A0519,3,1970/1/5 19:21:40,920750,-66,22
E2801160600002073A4A0529,1,1970/1/5 19:21:40,909250,-62,151
E2801160600002073A4A0529,1,1970/1/5 19:21:40,909250,-62,151
E2801160600002073A4A0529,1,1970/1/5 19:21:40,909250,-62,151
E2801160600002073A4A0519,1,1970/1/5 19:21:40,909250,-59,33
E2801160600002073A4A0519,1,1970/1/5 19:21:40,909250,-59,33
E2801160600002073A4A0519,1,1970/1/5 19:21:40,909250,-59,33
E2801160600002073A4A0539,1,1970/1/5 19:21:40,909250,-77,174
E2801160600002073A4A0539,1,1970/1/5 19:21:40,909250,-77,174
E2801160600002073A4A0539,1,1970/1/5 19:21:40,909250,-77,174
E2801160600002073A4A0519,2,1970/1/5 19:21:40,909250,-71,73
E2801160600002073A4A0519,2,1970/1/5 19:21:40,909250,-71,73
E2801160600002073A4A0519,2,1970/1/5 19:21:40,909250,-71,73
E2801160600002073A4A0529,2,1970/1/5 19:21:40,909250,-74,90
E2801160600002073A4A0529,2,1970/1/5 19:21:40,909250,-74,90
E2801160600002073A4A0529,2,1970/1/5 19:21:40,909250,-74,90
E2801160600002073A4A0519,3,1970/1/5 19:21:40,909250,-65,98
E2801160600002073A4A0519,3,1970/1/5 19:21:40,909250,-65,98
E2801160600002073A4A0519,3,1970/1/5 19:21:40,909250,-65,98
E2801160600002073A4A0529,3,1970/1/5 19:21:40,909250,-66,168
E2801160600002073A4A0529,3,1970/1/5 19:21:40,909250,-66,168
E2801160600002073A4A0529,3,1970/1/5 19:21:40,909250,-66,168
E2801160600002073A4A0519,1,1970/1/5 19:21:40,909250,-60,33
E2801160600002073A4A0519,1,1970/1/5 19:21:40,909250,-60,33
E2801160600002073A4A0519,1,1970/1/5 19:21:40,909250,-60,33
E2801160600002073A4A0539,1,1970/1/5 19:21:40,909250,-77,140
E2801160600002073A4A0539,1,1970/1/5 19:21:40,909250,-77,140
E2801160600002073A4A0539,1,1970/1/5 19:21:40,909250,-77,140
E2801160600002073A4A0529,1,1970/1/5 19:21:40,909250,-61,137
E2801160600002073A4A0529,1,1970/1/5 19:21:40,909250,-61,137
E2801160600002073A4A0529,1,1970/1/5 19:21:40,909250,-61,137
E2801160600002073A4A0529,2,1970/1/5 19:21:40,909250,-73,95
E2801160600002073A4A0529,2,1970/1/5 19:21:40,909250,-73,95
E2801160600002073A4A0529,2,1970/1/5 19:21:40,909250,-73,95
E2801160600002073A4A0519,2,1970/1/5 19:21:40,909250,-70,101
E2801160600002073A4A0519,2,1970/1/5 19:21:40,909250,-70,101
E2801160600002073A4A0519,2,1970/1/5 19:21:40,909250,-70,101
E2801160600002073A4A0529,3,1970/1/5 19:21:40,909250,-66,157
E2801160600002073A4A0529,3,1970/1/5 19:21:40,909250,-66,157
E2801160600002073A4A0529,3,1970/1/5 19:21:40,909250,-66,157
E2801160600002073A4A0519,3,1970/1/5 19:21:40,909250,-64,98
E2801160600002073A4A0519,3,1970/1/5 19:21:40,909250,-64,98
E2801160600002073A4A0519,3,1970/1/5 19:21:40,909250,-64,98
E2801160600002073A4A0529,1,1970/1/5 19:21:40,909250,-60,146
E2801160600002073A4A0529,1,1970/1/5 19:21:40,909250,-60,146
E2801160600002073A4A0529,1,1970/1/5 19:21:40,909250,-60,146
E2801160600002073A4A0519,1,1970/1/5 19:21:40,909250,-60,47
E2801160600002073A4A0519,1,1970/1/5 19:21:40,909250,-60,47
E2801160600002073A4A0519,1,1970/1/5 19:21:40,909250,-60,47
E2801160600002073A4A0539,1,1970/1/5 19:21:40,909250,-77,0
E2801160600002073A4A0539,1,1970/1/5 19:21:40,909250,-77,0
E2801160600002073A4A0539,1,1970/1/5 19:21:40,909250,-77,0
E2801160600002073A4A0529,2,1970/1/5 19:21:40,909250,-72,101
E2801160600002073A4A0529,2,1970/1/5 19:21:40,909250,-72,101
E2801160600002073A4A0529,2,1970/1/5 19:21:40,909250,-72,101
E2801160600002073A4A0519,2,1970/1/5 19:21:40,909250,-70,64
E2801160600002073A4A0519,2,1970/1/5 19:21:40,909250,-70,64
E2801160600002073A4A0519,2,1970/1/5 19:21:40,909250,-70,64
E2801160600002073A4A0529,3,1970/1/5 19:21:40,909250,-66,151
E2801160600002073A4A0529,3,1970/1/5 19:21:40,909250,-66,151
E2801160600002073A4A0529,3,1970/1/5 19:21:40,909250,-66,151
E2801160600002073A4A0519,3,1970/1/5 19:21:40,909250,-64,84
E2801160600002073A4A0519,3,1970/1/5 19:21:40,909250,-64,84
E2801160600002073A4A0519,3,1970/1/5 19:21:40,909250,-64,84
E2801160600002073A4A0519,1,1970/1/5 19:21:40,925750,-60,25
E2801160600002073A4A0519,1,1970/1/5 19:21:40,925750,-60,25
E2801160600002073A4A0519,1,1970/1/5 19:21:40,925750,-60,25
E2801160600002073A4A0529,1,1970/1/5 19:21:40,925750,-60,126
E2801160600002073A4A0529,1,1970/1/5 19:21:40,925750,-60,126
E2801160600002073A4A0529,1,1970/1/5 19:21:40,925750,-60,126
E2801160600002073A4A0519,2,1970/1/5 19:21:40,925750,-73,19
E2801160600002073A4A0519,2,1970/1/5 19:21:40,925750,-73,19
E2801160600002073A4A0519,2,1970/1/5 19:21:40,925750,-73,19
E2801160600002073A4A0529,2,1970/1/5 19:21:40,925750,-76,120
E2801160600002073A4A0529,2,1970/1/5 19:21:40,925750,-76,120
E2801160600002073A4A0529,2,1970/1/5 19:21:40,925750,-76,120
E2801160600002073A4A0519,3,1970/1/5 19:21:40,925750,-63,109
E2801160600002073A4A0519,3,1970/1/5 19:21:40,925750,-63,109
E2801160600002073A4A0519,3,1970/1/5 19:21:40,925750,-63,109
E2801160600002073A4A0529,3,1970/1/5 19:21:40,925750,-65,112
E2801160600002073A4A0529,3,1970/1/5 19:21:40,925750,-65,112
E2801160600002073A4A0529,3,1970/1/5 19:21:40,925750,-65,112
E2801160600002073A4A0519,1,1970/1/5 19:21:40,925750,-57,5
E2801160600002073A4A0519,1,1970/1/5 19:21:40,925750,-57,5
E2801160600002073A4A0519,1,1970/1/5 19:21:40,925750,-57,5
E2801160600002073A4A0529,1,1970/1/5 19:21:40,925750,-62,129
E2801160600002073A4A0529,1,1970/1/5 19:21:40,925750,-62,129
E2801160600002073A4A0529,1,1970/1/5 19:21:40,925750,-62,129
E2801160600002073A4A0519,2,1970/1/5 19:21:40,925750,-73,56
E2801160600002073A4A0519,2,1970/1/5 19:21:40,925750,-73,56
E2801160600002073A4A0519,2,1970/1/5 19:21:40,925750,-73,56
E2801160600002073A4A0529,2,1970/1/5 19:21:40,925750,-74,36
E2801160600002073A4A0529,2,1970/1/5 19:21:40,925750,-74,36
E2801160600002073A4A0529,2,1970/1/5 19:21:40,925750,-74,36
E2801160600002073A4A0519,3,1970/1/5 19:21:40,925750,-63,106
E2801160600002073A4A0519,3,1970/1/5 19:21:40,925750,-63,106
E2801160600002073A4A0519,3,1970/1/5 19:21:40,925750,-63,106
E2801160600002073A4A0529,3,1970/1/5 19:21:40,925750,-66,101
E2801160600002073A4A0529,3,1970/1/5 19:21:40,925750,-66,101
E2801160600002073A4A0529,3,1970/1/5 19:21:40,925750,-66,101
E2801160600002073A4A0529,1,1970/1/5 19:21:40,920250,-57,98
E2801160600002073A4A0529,1,1970/1/5 19:21:40,920250,-57,98
E2801160600002073A4A0529,1,1970/1/5 19:21:40,920250,-57,98
E2801160600002073A4A0519,1,1970/1/5 19:21:40,920250,-53,84
E2801160600002073A4A0519,1,1970/1/5 19:21:40,920250,-53,84
E2801160600002073A4A0519,1,1970/1/5 19:21:40,920250,-53,84
E2801160600002073A4A0519,2,1970/1/5 19:21:40,920250,-74,165
E2801160600002073A4A0519,2,1970/1/5 19:21:40,920250,-74,165
E2801160600002073A4A0519,2,1970/1/5 19:21:40,920250,-74,165
E2801160600002073A4A0529,2,1970/1/5 19:21:40,920250,-74,5
E2801160600002073A4A0529,2,1970/1/5 19:21:40,920250,-74,5
E2801160600002073A4A0529,2,1970/1/5 19:21:40,920250,-74,5
E2801160600002073A4A0529,3,1970/1/5 19:21:40,920250,-66,14
E2801160600002073A4A0529,3,1970/1/5 19:21:40,920250,-66,14
E2801160600002073A4A0529,3,1970/1/5 19:21:40,920250,-66,14
E2801160600002073A4A0519,3,1970/1/5 19:21:40,920250,-66,22
E2801160600002073A4A0519,3,1970/1/5 19:21:40,920250,-66,22
E2801160600002073A4A0519,3,1970/1/5 19:21:40,920250,-66,22
E2801160600002073A4A0519,1,1970/1/5 19:21:40,920250,-53,90
E2801160600002073A4A0519,1,1970/1/5 19:21:40,920250,-53,90
E2801160600002073A4A0519,1,1970/1/5 19:21:40,920250,-53,90
E2801160600002073A4A0529,1,1970/1/5 19:21:40,920250,-57,61
E2801160600002073A4A0529,1,1970/1/5 19:21:40,920250,-57,61
E2801160600002073A4A0529,1,1970/1/5 19:21:40,920250,-57,61
E2801160600002073A4A0529,2,1970/1/5 19:21:40,920250,-74,5
E2801160600002073A4A0529,2,1970/1/5 19:21:40,920250,-74,5
E2801160600002073A4A0529,2,1970/1/5 19:21:40,920250,-74,5
E2801160600002073A4A0519,2,1970/1/5 19:21:40,920250,-74,0
E2801160600002073A4A0519,2,1970/1/5 19:21:40,920250,-74,0
E2801160600002073A4A0519,2,1970/1/5 19:21:40,920250,-74,0
E2801160600002073A4A0519,3,1970/1/5 19:21:40,920250,-66,39
E2801160600002073A4A0519,3,1970/1/5 19:21:40,920250,-66,39
E2801160600002073A4A0519,3,1970/1/5 19:21:40,920250,-66,39
E2801160600002073A4A0529,3,1970/1/5 19:21:40,920250,-66,39
E2801160600002073A4A0529,3,1970/1/5 19:21:40,920250,-66,39
E2801160600002073A4A0529,3,1970/1/5 19:21:40,920250,-66,39
E2801160600002073A4A0519,1,1970/1/5 19:21:41,920250,-55,75
E2801160600002073A4A0519,1,1970/1/5 19:21:41,920250,-55,75
E2801160600002073A4A0519,1,1970/1/5 19:21:41,920250,-55,75
E2801160600002073A4A0529,1,1970/1/5 19:21:41,920250,-59,39
E2801160600002073A4A0529,1,1970/1/5 19:21:41,920250,-59,39
E2801160600002073A4A0529,1,1970/1/5 19:21:41,920250,-59,39
E2801160600002073A4A0519,2,1970/1/5 19:21:41,920250,-75,25
E2801160600002073A4A0519,2,1970/1/5 19:21:41,920250,-75,25
E2801160600002073A4A0519,2,1970/1/5 19:21:41,920250,-75,25
E2801160600002073A4A0529,2,1970/1/5 19:21:41,920250,-74,73
E2801160600002073A4A0529,2,1970/1/5 19:21:41,920250,-74,73
E2801160600002073A4A0529,2,1970/1/5 19:21:41,920250,-74,73
E2801160600002073A4A0529,3,1970/1/5 19:21:41,914750,-69,165
E2801160600002073A4A0529,3,1970/1/5 19:21:41,914750,-69,165
E2801160600002073A4A0529,3,1970/1/5 19:21:41,914750,-69,165
E2801160600002073A4A0519,3,1970/1/5 19:21:41,914750,-67,154
E2801160600002073A4A0519,3,1970/1/5 19:21:41,914750,-67,154
E2801160600002073A4A0519,3,1970/1/5 19:21:41,914750,-67,154
E2801160600002073A4A0529,1,1970/1/5 19:21:41,914750,-54,39
E2801160600002073A4A0529,1,1970/1/5 19:21:41,914750,-54,39
E2801160600002073A4A0529,1,1970/1/5 19:21:41,914750,-54,39
E2801160600002073A4A0519,1,1970/1/5 19:21:41,914750,-53,47
E2801160600002073A4A0519,1,1970/1/5 19:21:41,914750,-53,47
E2801160600002073A4A0519,1,1970/1/5 19:21:41,914750,-53,47
E2801160600002073A4A0519,2,1970/1/5 19:21:41,914750,-76,160
E2801160600002073A4A0519,2,1970/1/5 19:21:41,914750,-76,160
E2801160600002073A4A0519,2,1970/1/5 19:21:41,914750,-76,160
E2801160600002073A4A0529,2,1970/1/5 19:21:41,914750,-77,0
E2801160600002073A4A0529,2,1970/1/5 19:21:41,914750,-77,0
E2801160600002073A4A0529,2,1970/1/5 19:21:41,914750,-77,0
E2801160600002073A4A0519,3,1970/1/5 19:21:41,914750,-66,137
E2801160600002073A4A0519,3,1970/1/5 19:21:41,914750,-66,137
E2801160600002073A4A0519,3,1970/1/5 19:21:41,914750,-66,137
E2801160600002073A4A0529,3,1970/1/5 19:21:41,914750,-66,157
E2801160600002073A4A0529,3,1970/1/5 19:21:41,914750,-66,157
E2801160600002073A4A0529,3,1970/1/5 19:21:41,914750,-66,157
E2801160600002073A4A0519,1,1970/1/5 19:21:41,914750,-55,30
E2801160600002073A4A0519,1,1970/1/5 19:21:41,914750,-55,30
E2801160600002073A4A0519,1,1970/1/5 19:21:41,914750,-55,30
E2801160600002073A4A0529,1,1970/1/5 19:21:41,914750,-55,177
E2801160600002073A4A0529,1,1970/1/5 19:21:41,914750,-55,177
E2801160600002073A4A0529,1,1970/1/5 19:21:41,914750,-55,177
E2801160600002073A4A0529,2,1970/1/5 19:21:41,914750,-73,177
E2801160600002073A4A0529,2,1970/1/5 19:21:41,914750,-73,177
E2801160600002073A4A0529,2,1970/1/5 19:21:41,914750,-73,177
E2801160600002073A4A0519,2,1970/1/5 19:21:41,914750,-73,140
E2801160600002073A4A0519,2,1970/1/5 19:21:41,914750,-73,140
E2801160600002073A4A0519,2,1970/1/5 19:21:41,914750,-73,140
E2801160600002073A4A0529,3,1970/1/5 19:21:41,914750,-66,126
E2801160600002073A4A0529,3,1970/1/5 19:21:41,914750,-66,126
E2801160600002073A4A0529,3,1970/1/5 19:21:41,914750,-66,126
E2801160600002073A4A0519,3,1970/1/5 19:21:41,914750,-66,126
E2801160600002073A4A0519,3,1970/1/5 19:21:41,914750,-66,126
E2801160600002073A4A0519,3,1970/1/5 19:21:41,914750,-66,126
E2801160600002073A4A0519,1,1970/1/5 19:21:41,914750,-55,45
E2801160600002073A4A0519,1,1970/1/5 19:21:41,914750,-55,45
E2801160600002073A4A0519,1,1970/1/5 19:21:41,914750,-55,45
E2801160600002073A4A0529,1,1970/1/5 19:21:41,914750,-56,11
E2801160600002073A4A0529,1,1970/1/5 19:21:41,914750,-56,11
E2801160600002073A4A0529,1,1970/1/5 19:21:41,914750,-56,11
E2801160600002073A4A0529,2,1970/1/5 19:21:41,914750,-72,163
E2801160600002073A4A0529,2,1970/1/5 19:21:41,914750,-72,163
E2801160600002073A4A0529,2,1970/1/5 19:21:41,914750,-72,163
E2801160600002073A4A0519,2,1970/1/5 19:21:41,914750,-71,140
E2801160600002073A4A0519,2,1970/1/5 19:21:41,914750,-71,140
E2801160600002073A4A0519,2,1970/1/5 19:21:41,914750,-71,140
E2801160600002073A4A0529,3,1970/1/5 19:21:41,914750,-66,135
E2801160600002073A4A0529,3,1970/1/5 19:21:41,914750,-66,135
E2801160600002073A4A0529,3,1970/1/5 19:21:41,914750,-66,135
E2801160600002073A4A0519,3,1970/1/5 19:21:41,908750,-62,84
E2801160600002073A4A0519,3,1970/1/5 19:21:41,908750,-62,84
E2801160600002073A4A0519,3,1970/1/5 19:21:41,908750,-62,84
E2801160600002073A4A0529,3,1970/1/5 19:21:41,908750,-63,115
E2801160600002073A4A0529,3,1970/1/5 19:21:41,908750,-63,115
E2801160600002073A4A0529,3,1970/1/5 19:21:41,908750,-63,115
E2801160600002073A4A0529,1,1970/1/5 19:21:41,908750,-52,157
E2801160600002073A4A0529,1,1970/1/5 19:21:41,908750,-52,157
E2801160600002073A4A0529,1,1970/1/5 19:21:41,908750,-52,157
E2801160600002073A4A0519,1,1970/1/5 19:21:41,908750,-53,5
E2801160600002073A4A0519,1,1970/1/5 19:21:41,908750,-53,5
E2801160600002073A4A0519,1,1970/1/5 19:21:41,908750,-53,5
E2801160600002073A4A0519,2,1970/1/5 19:21:41,908750,-70,90
E2801160600002073A4A0519,2,1970/1/5 19:21:41,908750,-70,90
E2801160600002073A4A0519,2,1970/1/5 19:21:41,908750,-70,90
E2801160600002073A4A0529,2,1970/1/5 19:21:41,908750,-69,120
E2801160600002073A4A0529,2,1970/1/5 19:21:41,908750,-69,120
E2801160600002073A4A0529,2,1970/1/5 19:21:41,908750,-69,120
E2801160600002073A4A0519,3,1970/1/5 19:21:41,908750,-62,73
E2801160600002073A4A0519,3,1970/1/5 19:21:41,908750,-62,73
E2801160600002073A4A0519,3,1970/1/5 19:21:41,908750,-62,73
E2801160600002073A4A0529,3,1970/1/5 19:21:41,908750,-62,104
E2801160600002073A4A0529,3,1970/1/5 19:21:41,908750,-62,104
E2801160600002073A4A0529,3,1970/1/5 19:21:41,908750,-62,104
E2801160600002073A4A0529,1,1970/1/5 19:21:41,924750,-56,165
E2801160600002073A4A0529,1,1970/1/5 19:21:41,924750,-56,165
E2801160600002073A4A0529,1,1970/1/5 19:21:41,924750,-56,165
E2801160600002073A4A0519,1,1970/1/5 19:21:41,924750,-55,22
E2801160600002073A4A0519,1,1970/1/5 19:21:41,924750,-55,22
E2801160600002073A4A0519,1,1970/1/5 19:21:41,924750,-55,22
E2801160600002073A4A0539,1,1970/1/5 19:21:41,908750,-75,33
E2801160600002073A4A0539,1,1970/1/5 19:21:41,908750,-75,33
E2801160600002073A4A0539,1,1970/1/5 19:21:41,908750,-75,33
E2801160600002073A4A0519,2,1970/1/5 19:21:41,924750,-70,73
E2801160600002073A4A0519,2,1970/1/5 19:21:41,924750,-70,73
E2801160600002073A4A0519,2,1970/1/5 19:21:41,924750,-70,73
E2801160600002073A4A0529,2,1970/1/5 19:21:41,924750,-70,126
E2801160600002073A4A0529,2,1970/1/5 19:21:41,924750,-70,126
E2801160600002073A4A0529,2,1970/1/5 19:21:41,924750,-70,126
E2801160600002073A4A0519,3,1970/1/5 19:21:41,924750,-64,104
E2801160600002073A4A0519,3,1970/1/5 19:21:41,924750,-64,104
E2801160600002073A4A0519,3,1970/1/5 19:21:41,924750,-64,104
E2801160600002073A4A0529,3,1970/1/5 19:21:41,924750,-62,87
E2801160600002073A4A0529,3,1970/1/5 19:21:41,924750,-62,87
E2801160600002073A4A0529,3,1970/1/5 19:21:41,924750,-62,87
E2801160600002073A4A0529,1,1970/1/5 19:21:41,924750,-57,174
E2801160600002073A4A0529,1,1970/1/5 19:21:41,924750,-57,174
E2801160600002073A4A0529,1,1970/1/5 19:21:41,924750,-57,174
E2801160600002073A4A0519,1,1970/1/5 19:21:41,924750,-55,8
E2801160600002073A4A0519,1,1970/1/5 19:21:41,924750,-55,8
E2801160600002073A4A0519,1,1970/1/5 19:21:41,924750,-55,8
E2801160600002073A4A0519,2,1970/1/5 19:21:41,924750,-71,78
E2801160600002073A4A0519,2,1970/1/5 19:21:41,924750,-71,78
E2801160600002073A4A0519,2,1970/1/5 19:21:41,924750,-71,78
E2801160600002073A4A0529,2,1970/1/5 19:21:41,924750,-70,123
E2801160600002073A4A0529,2,1970/1/5 19:21:41,924750,-70,123
E2801160600002073A4A0529,2,1970/1/5 19:21:41,924750,-70,123
E2801160600002073A4A0529,3,1970/1/5 19:21:42,924750,-63,95
E2801160600002073A4A0529,3,1970/1/5 19:21:42,924750,-63,95
E2801160600002073A4A0529,3,1970/1/5 19:21:42,924750,-63,95
E2801160600002073A4A0519,3,1970/1/5 19:21:42,924750,-64,95
E2801160600002073A4A0519,3,1970/1/5 19:21:42,924750,-64,95
E2801160600002073A4A0519,3,1970/1/5 19:21:42,924750,-64,95
E2801160600002073A4A0519,1,1970/1/5 19:21:42,924750,-56,5
E2801160600002073A4A0519,1,1970/1/5 19:21:42,924750,-56,5
E2801160600002073A4A0519,1,1970/1/5 19:21:42,924750,-56,5
E2801160600002073A4A0529,1,1970/1/5 19:21:42,924750,-56,0
E2801160600002073A4A0529,1,1970/1/5 19:21:42,924750,-56,0
E2801160600002073A4A0529,1,1970/1/5 19:21:42,924750,-56,0
E2801160600002073A4A0519,2,1970/1/5 19:21:42,924750,-71,84
E2801160600002073A4A0519,2,1970/1/5 19:21:42,924750,-71,84
E2801160600002073A4A0519,2,1970/1/5 19:21:42,924750,-71,84
E2801160600002073A4A0529,2,1970/1/5 19:21:42,924750,-70,126
E2801160600002073A4A0529,2,1970/1/5 19:21:42,924750,-70,126
E2801160600002073A4A0529,2,1970/1/5 19:21:42,924750,-70,126
E2801160600002073A4A0529,3,1970/1/5 19:21:42,924750,-63,81
E2801160600002073A4A0529,3,1970/1/5 19:21:42,924750,-63,81
E2801160600002073A4A0529,3,1970/1/5 19:21:42,924750,-63,81
E2801160600002073A4A0519,3,1970/1/5 19:21:42,924750,-64,104
E2801160600002073A4A0519,3,1970/1/5 19:21:42,924750,-64,104
E2801160600002073A4A0519,3,1970/1/5 19:21:42,924750,-64,104
E2801160600002073A4A0529,1,1970/1/5 19:21:42,915750,-53,157
E2801160600002073A4A0529,1,1970/1/5 19:21:42,915750,-53,157
E2801160600002073A4A0529,1,1970/1/5 19:21:42,915750,-53,157
E2801160600002073A4A0519,1,1970/1/5 19:21:42,915750,-55,16
E2801160600002073A4A0519,1,1970/1/5 19:21:42,915750,-55,16
E2801160600002073A4A0519,1,1970/1/5 19:21:42,915750,-55,16
E2801160600002073A4A0519,2,1970/1/5 19:21:42,915750,-70,104
E2801160600002073A4A0519,2,1970/1/5 19:21:42,915750,-70,104
E2801160600002073A4A0519,2,1970/1/5 19:21:42,915750,-70,104
E2801160600002073A4A0529,2,1970/1/5 19:21:42,915750,-70,151
E2801160600002073A4A0529,2,1970/1/5 19:21:42,915750,-70,151
E2801160600002073A4A0529,2,1970/1/5 19:21:42,915750,-70,151
E2801160600002073A4A0529,3,1970/1/5 19:21:42,915750,-64,104
E2801160600002073A4A0529,3,1970/1/5 19:21:42,915750,-64,104
E2801160600002073A4A0529,3,1970/1/5 19:21:42,915750,-64,104
E2801160600002073A4A0519,3,1970/1/5 19:21:42,915750,-66,98
E2801160600002073A4A0519,3,1970/1/5 19:21:42,915750,-66,98
E2801160600002073A4A0519,3,1970/1/5 19:21:42,915750,-66,98
E2801160600002073A4A0529,1,1970/1/5 19:21:42,915750,-54,160
E2801160600002073A4A0529,1,1970/1/5 19:21:42,915750,-54,160
E2801160600002073A4A0529,1,1970/1/5 19:21:42,915750,-54,160
E2801160600002073A4A0519,1,1970/1/5 19:21:42,915750,-55,14
E2801160600002073A4A0519,1,1970/1/5 19:21:42,915750,-55,14
E2801160600002073A4A0519,1,1970/1/5 19:21:42,915750,-55,14
E2801160600002073A4A0529,2,1970/1/5 19:21:42,915750,-70,151
E2801160600002073A4A0529,2,1970/1/5 19:21:42,915750,-70,151
E2801160600002073A4A0529,2,1970/1/5 19:21:42,915750,-70,151
E2801160600002073A4A0519,2,1970/1/5 19:21:42,915750,-70,120
E2801160600002073A4A0519,2,1970/1/5 19:21:42,915750,-70,120
E2801160600002073A4A0519,2,1970/1/5 19:21:42,915750,-70,120
E2801160600002073A4A0519,3,1970/1/5 19:21:42,915750,-66,104
E2801160600002073A4A0519,3,1970/1/5 19:21:42,915750,-66,104
E2801160600002073A4A0519,3,1970/1/5 19:21:42,915750,-66,104
E2801160600002073A4A0529,3,1970/1/5 19:21:42,915750,-64,109
E2801160600002073A4A0529,3,1970/1/5 19:21:42,915750,-64,109
E2801160600002073A4A0529,3,1970/1/5 19:21:42,915750,-64,109
E2801160600002073A4A0519,1,1970/1/5 19:21:42,915750,-55,8
E2801160600002073A4A0519,1,1970/1/5 19:21:42,915750,-55,8
E2801160600002073A4A0519,1,1970/1/5 19:21:42,915750,-55,8
E2801160600002073A4A0529,1,1970/1/5 19:21:42,915750,-54,168
E2801160600002073A4A0529,1,1970/1/5 19:21:42,915750,-54,168
E2801160600002073A4A0529,1,1970/1/5 19:21:42,915750,-54,168
E2801160600002073A4A0519,2,1970/1/5 19:21:42,915750,-70,123
E2801160600002073A4A0519,2,1970/1/5 19:21:42,915750,-70,123
E2801160600002073A4A0519,2,1970/1/5 19:21:42,915750,-70,123
E2801160600002073A4A0529,2,1970/1/5 19:21:42,915750,-70,149
E2801160600002073A4A0529,2,1970/1/5 19:21:42,915750,-70,149
E2801160600002073A4A0529,2,1970/1/5 19:21:42,915750,-70,149
E2801160600002073A4A0529,3,1970/1/5 19:21:42,915750,-64,112
E2801160600002073A4A0529,3,1970/1/5 19:21:42,915750,-64,112
E2801160600002073A4A0529,3,1970/1/5 19:21:42,915750,-64,112
E2801160600002073A4A0519,3,1970/1/5 19:21:42,915750,-66,92
E2801160600002073A4A0519,3,1970/1/5 19:21:42,915750,-66,92
E2801160600002073A4A0519,3,1970/1/5 19:21:42,915750,-66,92
E2801160600002073A4A0519,1,1970/1/5 19:21:42,915750,-55,8
E2801160600002073A4A0519,1,1970/1/5 19:21:42,915750,-55,8
E2801160600002073A4A0519,1,1970/1/5 19:21:42,915750,-55,8
E2801160600002073A4A0529,1,1970/1/5 19:21:42,910250,-53,112
E2801160600002073A4A0529,1,1970/1/5 19:21:42,910250,-53,112
E2801160600002073A4A0529,1,1970/1/5 19:21:42,910250,-53,112
E2801160600002073A4A0519,1,1970/1/5 19:21:42,910250,-53,149
E2801160600002073A4A0519,1,1970/1/5 19:21:42,910250,-53,149
E2801160600002073A4A0519,1,1970/1/5 19:21:42,910250,-53,149
E2801160600002073A4A0519,2,1970/1/5 19:21:42,910250,-70,50
E2801160600002073A4A0519,2,1970/1/5 19:21:42,910250,-70,50
E2801160600002073A4A0519,2,1970/1/5 19:21:42,910250,-70,50
E2801160600002073A4A0529,2,1970/1/5 19:21:42,910250,-69,90
E2801160600002073A4A0529,2,1970/1/5 19:21:42,910250,-69,90
E2801160600002073A4A0529,2,1970/1/5 19:21:42,910250,-69,90
E2801160600002073A4A0529,3,1970/1/5 19:21:42,910250,-63,53
E2801160600002073A4A0529,3,1970/1/5 19:21:42,910250,-63,53
E2801160600002073A4A0529,3,1970/1/5 19:21:42,910250,-63,53
E2801160600002073A4A0519,3,1970/1/5 19:21:42,910250,-63,42
E2801160600002073A4A0519,3,1970/1/5 19:21:42,910250,-63,42
E2801160600002073A4A0519,3,1970/1/5 19:21:42,910250,-63,42
E2801160600002073A4A0519,1,1970/1/5 19:21:42,910250,-53,151
E2801160600002073A4A0519,1,1970/1/5 19:21:42,910250,-53,151
E2801160600002073A4A0519,1,1970/1/5 19:21:42,910250,-53,151
E2801160600002073A4A0529,1,1970/1/5 19:21:42,910250,-53,120
E2801160600002073A4A0529,1,1970/1/5 19:21:42,910250,-53,120
E2801160600002073A4A0529,1,1970/1/5 19:21:42,910250,-53,120
E2801160600002073A4A0529,2,1970/1/5 19:21:42,910250,-68,81
E2801160600002073A4A0529,2,1970/1/5 19:21:42,910250,-68,81
E2801160600002073A4A0529,2,1970/1/5 19:21:42,910250,-68,81
E2801160600002073A4A0519,2,1970/1/5 19:21:42,910250,-70,67
E2801160600002073A4A0519,2,1970/1/5 19:21:42,910250,-70,67
E2801160600002073A4A0519,2,1970/1/5 19:21:42,910250,-70,67
E2801160600002073A4A0529,3,1970/1/5 19:21:42,910250,-63,67
E2801160600002073A4A0529,3,1970/1/5 19:21:42,910250,-63,67
E2801160600002073A4A0529,3,1970/1/5 19:21:42,910250,-63,67
E2801160600002073A4A0519,3,1970/1/5 19:21:42,910250,-64,42
E2801160600002073A4A0519,3,1970/1/5 19:21:42,910250,-64,42
E2801160600002073A4A0519,3,1970/1/5 19:21:42,910250,-64,42
